,ts_code,trade_date,open,high,low,close,pre_close,change,pct_chg,vol,amount
0,002049.SZ,20200904,121.48,128.5,121.0,124.42,123.3,1.12,0.9084,162123.27,2033883.581
1,002049.SZ,20200903,125.0,125.56,121.46,123.3,125.64,-2.34,-1.8625,121620.04,1499698.505
2,002049.SZ,20200902,128.96,128.98,124.5,125.64,128.22,-2.58,-2.0122,116487.38,1467161.225
3,002049.SZ,20200901,124.9,129.56,124.0,128.22,125.3,2.92,2.3304,156688.42,2001820.789
4,002049.SZ,20200831,129.0,129.4,125.3,125.3,127.69,-2.39,-1.8717,129152.12,1650964.628
5,002049.SZ,20200828,124.6,128.89,123.12,127.69,126.37,1.32,1.0446,167495.57,2117927.808
6,002049.SZ,20200827,121.01,128.8,117.33,126.37,120.96,5.41,4.4726,259696.41,3236328.445
7,002049.SZ,20200826,123.34,125.5,120.21,120.96,121.98,-1.02,-0.8362,172744.2,2117323.913
8,002049.SZ,20200825,127.2,127.88,121.3,121.98,126.68,-4.7,-3.7101,219312.53,2712937.101
9,002049.SZ,20200824,127.58,129.83,125.19,126.68,128.42,-1.74,-1.3549,170276.17,2170120.125
10,002049.SZ,20200821,134.12,135.45,123.97,128.42,133.65,-5.23,-3.9132,317224.31,4099970.756
11,002049.SZ,20200820,135.88,138.3,131.0,133.65,136.0,-2.35,-1.7279,193592.21,2620371.407
12,002049.SZ,20200819,142.0,143.87,135.5,136.0,144.37,-8.37,-5.7976,257681.72,3564296.405
13,002049.SZ,20200818,143.94,150.58,142.0,144.37,143.91,0.46,0.3196,261533.69,3836841.398
14,002049.SZ,20200817,137.5,146.5,137.0,143.91,137.5,6.41,4.6618,239533.05,3396249.633
15,002049.SZ,20200814,133.26,139.07,133.0,137.5,136.15,1.35,0.9916,186873.22,2561852.244
16,002049.SZ,20200813,136.99,142.48,135.1,136.15,137.73,-1.58,-1.1472,230813.04,3202223.796
17,002049.SZ,20200812,140.0,142.92,130.0,137.73,142.01,-4.28,-3.0139,326872.14,4410110.951
18,002049.SZ,20200811,141.0,149.26,138.5,142.01,145.21,-3.2,-2.2037,325043.71,4670639.66
19,002049.SZ,20200810,151.09,160.0,142.72,145.21,156.0,-10.79,-6.9167,471214.4,7094431.573
20,002049.SZ,20200807,149.33,160.8,141.66,156.0,146.18,9.82,6.7177,637808.82,9571534.739
21,002049.SZ,20200806,132.84,146.18,130.01,146.18,132.89,13.29,10.0008,559358.51,8001466.172
22,002049.SZ,20200805,131.1,138.2,128.0,132.89,127.1,5.79,4.5555,416737.45,5549093.543
23,002049.SZ,20200804,138.89,138.9,126.1,127.1,139.52,-12.42,-8.9019,487453.79,6445595.734
24,002049.SZ,20200803,130.0,139.52,127.0,139.52,126.84,12.68,9.9968,509100.93,6880440.462
25,002049.SZ,20200731,125.0,127.7,123.83,126.84,123.98,2.86,2.3068,294131.99,3705242.547
26,002049.SZ,20200730,128.88,128.88,123.0,123.98,128.99,-5.01,-3.884,311018.36,3881934.428
27,002049.SZ,20200729,126.0,132.41,124.88,128.99,126.19,2.8,2.2189,371977.55,4773282.389
28,002049.SZ,20200728,127.5,128.4,121.19,126.19,126.0,0.19,0.1508,249113.55,3095413.847
29,002049.SZ,20200727,116.0,128.43,115.81,126.0,116.75,9.25,7.9229,452461.04,5676227.965
30,002049.SZ,20200724,122.3,125.98,115.88,116.75,124.1,-7.35,-5.9226,372408.34,4537185.356
31,002049.SZ,20200723,123.0,124.47,117.1,124.1,124.1,0.0,0.0,340411.88,4131317.981
32,002049.SZ,20200722,123.02,128.7,123.02,124.1,124.5,-0.4,-0.3213,277206.21,3489706.825
33,002049.SZ,20200721,130.33,130.78,121.6,124.5,126.5,-2.0,-1.581,354606.27,4447334.333
34,002049.SZ,20200720,120.0,126.5,118.89,126.5,115.0,11.5,10.0,392007.98,4846218.412
35,002049.SZ,20200717,113.5,118.58,108.01,115.0,114.23,0.77,0.6741,402009.02,4604030.436
36,002049.SZ,20200716,126.88,126.88,114.3,114.3,127.0,-12.7,-10.0,419198.26,4943357.194
37,002049.SZ,20200715,126.02,131.0,122.66,127.0,126.91,0.09,0.0709,479023.18,6108810.354
38,002049.SZ,20200714,136.0,137.78,121.28,126.91,134.75,-7.84,-5.8182,623577.24,8001763.955
39,002049.SZ,20200713,126.86,135.0,125.31,134.75,129.0,5.75,4.4574,483302.97,6271794.751
40,002049.SZ,20200710,131.33,138.34,126.0,129.0,132.66,-3.66,-2.7589,642703.46,8406013.922
41,002049.SZ,20200709,123.0,132.66,123.0,132.66,120.6,12.06,10.0,648322.5,8450535.391
42,002049.SZ,20200708,115.0,126.7,108.0,120.6,117.16,3.44,2.9362,797933.43,9273755.96
43,002049.SZ,20200707,117.16,117.16,117.16,117.16,106.51,10.65,9.9991,91591.77,1073089.177
44,002049.SZ,20200706,103.0,106.51,101.55,106.51,96.83,9.68,9.9969,195478.73,2048825.521
45,002049.SZ,20200703,91.0,96.83,90.73,96.83,88.03,8.8,9.9966,731289.82,6949344.17
46,002049.SZ,20200702,86.0,88.03,85.0,88.03,80.03,8.0,9.9963,242519.7,2115941.571
47,002049.SZ,20200701,72.91,80.03,72.91,80.03,72.75,7.28,10.0069,639328.43,5027775.939
48,002049.SZ,20200630,72.88,73.15,71.58,72.75,72.24,0.51,0.706,282363.06,2045266.475
49,002049.SZ,20200629,71.93,74.2,71.14,72.24,71.59,0.65,0.9079,400130.03,2908848.445
50,002049.SZ,20200624,69.0,72.26,68.5,71.59,69.03,2.56,3.7085,466752.73,3316998.263
51,002049.SZ,20200623,65.81,69.98,65.48,69.03,65.99,3.04,4.6068,488185.71,3323962.88
52,002049.SZ,20200622,65.7,66.87,65.41,65.99,65.11,0.88,1.3516,272555.98,1801889.716
53,002049.SZ,20200619,65.3,65.81,64.66,65.11,65.55,-0.44,-0.6712,214966.3,1400636.448
54,002049.SZ,20200618,64.13,65.97,64.11,65.55,65.0,0.55,0.8462,253139.28,1648991.935
55,002049.SZ,20200617,63.95,65.19,63.04,65.0,63.59,1.41,2.2173,301970.54,1941251.967
56,002049.SZ,20200616,62.8,63.65,62.65,63.59,61.87,1.72,2.78,235486.96,1486026.99
57,002049.SZ,20200615,63.51,64.22,61.85,61.87,63.91,-2.04,-3.192,312502.18,1969081.665
58,002049.SZ,20200612,63.0,64.71,62.58,63.91,64.58,-0.67,-1.0375,304304.35,1942490.661
59,002049.SZ,20200611,65.93,66.38,64.53,64.58,65.93,-1.35,-2.0476,294937.39,1931329.553
60,002049.SZ,20200610,66.11,66.74,65.52,65.93,66.76,-0.83,-1.2433,192621.33,1271486.721
61,002049.SZ,20200609,65.56,67.35,65.51,66.76,66.26,0.5,0.7546,248426.45,1650845.865
62,002049.SZ,20200608,70.0,70.5,65.61,66.26,72.9,-6.64,-9.1084,636974.14,4313923.001
63,002049.SZ,20200604,74.29,74.78,72.36,72.9,74.29,-1.39,-1.871,259272.26,1898146.083
64,002049.SZ,20200603,72.6,76.68,71.8,74.29,72.69,1.6,2.2011,382839.4,2848126.762
65,002049.SZ,20200602,73.31,73.38,71.79,72.69,72.64,0.05,0.0688,284310.36,2065692.155
66,002049.SZ,20200601,70.38,73.38,69.81,72.64,68.9,3.74,5.4282,369528.63,2658104.327
67,002049.SZ,20200529,69.89,70.2,68.45,68.9,70.77,-1.87,-2.6424,280326.08,1936498.544
68,002049.SZ,20200528,68.82,70.77,67.75,70.77,69.01,1.76,2.5504,369235.45,2559450.917
69,002049.SZ,20200527,71.79,71.84,68.18,69.01,71.31,-2.3,-3.2254,369838.36,2569951.894
70,002049.SZ,20200526,71.31,72.1,70.6,71.31,70.42,0.89,1.2638,293900.24,2096467.736
71,002049.SZ,20200525,72.12,72.99,69.4,70.42,72.1,-1.68,-2.3301,316114.91,2244184.443
72,002049.SZ,20200522,74.4,74.47,70.5,72.1,73.21,-1.11,-1.5162,422074.37,3063769.869
73,002049.SZ,20200521,75.76,76.95,72.0,73.21,75.4,-2.19,-2.9045,466845.03,3462117.078
74,002049.SZ,20200520,76.5,78.08,74.01,75.4,75.35,0.05,0.0664,597289.36,4569141.6
75,002049.SZ,20200519,69.88,75.35,69.0,75.35,68.5,6.85,10.0,539997.43,3962562.374
76,002049.SZ,20200518,71.5,73.26,68.18,68.5,70.18,-1.68,-2.3938,510338.45,3585721.408
77,002049.SZ,20200515,70.12,72.5,69.36,70.18,69.41,0.77,1.1094,467605.45,3313008.997
78,002049.SZ,20200514,69.52,71.55,69.3,69.41,69.98,-0.57,-0.8145,454170.1,3191793.272
79,002049.SZ,20200513,69.0,72.22,68.7,69.98,68.53,1.45,2.1159,658375.61,4610847.277
80,002049.SZ,20200512,62.01,68.53,62.01,68.53,62.3,6.23,10.0,541702.8,3567686.169
81,002049.SZ,20200511,63.7,63.88,61.24,62.3,62.88,-0.58,-0.9224,265205.98,1655552.54
82,002049.SZ,20200508,63.2,64.26,62.34,62.88,62.61,0.27,0.4312,269282.58,1699807.262
83,002049.SZ,20200507,63.5,63.95,62.25,62.61,63.62,-1.01,-1.5876,258580.28,1627501.026
84,002049.SZ,20200506,61.07,64.28,61.06,63.62,61.58,2.04,3.3128,394484.26,2477234.796
85,002049.SZ,20200430,59.65,62.23,59.38,61.58,58.95,2.63,4.4614,379613.24,2328013.068
86,002049.SZ,20200429,58.81,59.54,58.61,58.95,59.68,-0.73,-1.2232,199077.49,1174101.934
87,002049.SZ,20200428,55.5,59.85,54.91,59.68,55.56,4.12,7.4154,414641.36,2401959.651
88,002049.SZ,20200427,55.3,56.36,54.9,55.56,55.8,-0.24,-0.4301,162392.49,903864.548
89,002049.SZ,20200424,58.2,58.98,55.0,55.8,59.32,-3.52,-5.9339,392397.72,2223354.098
90,002049.SZ,20200423,60.43,60.79,58.8,59.32,61.03,-1.71,-2.8019,224436.74,1334296.609
91,002049.SZ,20200422,59.92,61.25,59.6,61.03,60.68,0.35,0.5768,200524.24,1212935.87
92,002049.SZ,20200421,62.4,62.4,59.8,60.68,62.4,-1.72,-2.7564,318350.76,1937494.879
93,002049.SZ,20200420,58.81,62.43,58.81,62.4,59.47,2.93,4.9269,415779.31,2543842.034
94,002049.SZ,20200417,60.35,61.78,58.8,59.47,59.63,-0.16,-0.2683,380673.65,2293439.771
95,002049.SZ,20200416,57.45,60.18,57.33,59.63,58.0,1.63,2.8103,283324.57,1662988.627
96,002049.SZ,20200415,60.69,60.69,58.0,58.0,61.12,-3.12,-5.1047,408381.79,2421410.094
97,002049.SZ,20200414,60.31,61.5,58.89,61.12,59.68,1.44,2.4129,303568.91,1825476.286
98,002049.SZ,20200413,59.47,60.72,59.0,59.68,59.57,0.11,0.1847,223052.41,1334604.375
99,002049.SZ,20200410,61.3,63.2,59.38,59.57,61.08,-1.51,-2.4722,375532.28,2302139.46
100,002049.SZ,20200409,62.19,62.68,60.45,61.08,62.2,-1.12,-1.8006,277655.94,1701154.528
101,002049.SZ,20200408,61.18,62.95,60.68,62.2,62.17,0.03,0.0483,359111.07,2227182.973
102,002049.SZ,20200407,60.21,62.33,59.2,62.17,58.75,3.42,5.8213,500385.87,3056637.176
103,002049.SZ,20200403,56.23,60.28,56.14,58.75,54.98,3.77,6.857,650469.49,3781880.887
104,002049.SZ,20200402,53.11,54.98,53.11,54.98,49.98,5.0,10.004,344750.49,1867895.993
105,002049.SZ,20200401,49.49,51.06,49.46,49.98,49.9,0.08,0.1603,117604.18,593449.255
106,002049.SZ,20200331,50.65,51.15,49.87,49.9,49.85,0.05,0.1003,86122.61,433972.161
107,002049.SZ,20200330,50.2,50.36,48.88,49.85,51.3,-1.45,-2.8265,128863.46,638433.761
108,002049.SZ,20200327,52.7,52.86,51.27,51.3,52.0,-0.7,-1.3462,99906.22,520548.091
109,002049.SZ,20200326,52.01,53.41,51.75,52.0,52.78,-0.78,-1.4778,109086.54,572364.004
110,002049.SZ,20200325,53.4,53.86,52.36,52.78,52.28,0.5,0.9564,160986.71,854654.667
111,002049.SZ,20200324,52.72,52.93,49.9,52.28,51.5,0.78,1.5146,188482.76,974788.702
112,002049.SZ,20200323,53.7,54.65,51.0,51.5,56.08,-4.58,-8.1669,204598.03,1083809.784
113,002049.SZ,20200320,57.32,57.45,54.83,56.08,56.93,-0.85,-1.4931,232224.42,1297415.892
114,002049.SZ,20200319,55.62,57.46,55.1,56.93,55.55,1.38,2.4842,307734.42,1735850.819
115,002049.SZ,20200318,54.89,57.97,54.51,55.55,52.87,2.68,5.069,402940.97,2266162.097
116,002049.SZ,20200317,52.64,53.57,50.88,52.87,51.63,1.24,2.4017,180077.55,944253.438
117,002049.SZ,20200316,55.52,55.78,51.0,51.63,55.15,-3.52,-6.3826,220301.75,1181043.763
118,002049.SZ,20200313,51.78,55.97,51.5,55.15,54.54,0.61,1.1184,243989.95,1318193.475
119,002049.SZ,20200312,54.22,55.73,53.9,54.54,55.1,-0.56,-1.0163,156473.29,854175.869
120,002049.SZ,20200311,56.79,57.3,55.1,55.1,56.52,-1.42,-2.5124,194895.55,1096300.424
121,002049.SZ,20200310,53.51,56.65,53.5,56.52,53.58,2.94,5.4871,249036.98,1371106.938
122,002049.SZ,20200309,56.06,56.8,53.49,53.58,57.88,-4.3,-7.4292,253400.99,1396886.712
123,002049.SZ,20200306,57.98,58.88,57.61,57.88,59.19,-1.31,-2.2132,174910.89,1017979.221
124,002049.SZ,20200305,60.1,60.49,57.6,59.19,58.9,0.29,0.4924,254319.17,1499375.375
125,002049.SZ,20200304,59.01,60.59,57.1,58.9,59.83,-0.93,-1.5544,254555.31,1495390.981
126,002049.SZ,20200303,61.4,62.86,59.6,59.83,60.0,-0.17,-0.2833,297902.03,1826888.419
127,002049.SZ,20200302,59.9,60.67,58.12,60.0,57.95,2.05,3.5375,261428.7,1556621.992
128,002049.SZ,20200228,58.7,60.79,57.44,57.95,61.98,-4.03,-6.5021,344738.53,2032989.174
129,002049.SZ,20200227,62.12,63.74,61.01,61.98,61.57,0.41,0.6659,286014.43,1781587.121
130,002049.SZ,20200226,66.0,66.64,61.28,61.57,68.01,-6.44,-9.4692,471074.22,3011003.649
131,002049.SZ,20200225,67.86,69.9,63.36,68.01,69.9,-1.89,-2.7039,513484.58,3468268.505
132,002049.SZ,20200224,66.3,70.15,66.1,69.9,66.3,3.6,5.4299,418531.07,2856470.759
133,002049.SZ,20200221,64.11,66.3,63.16,66.3,64.35,1.95,3.0303,435565.73,2826218.375
134,002049.SZ,20200220,64.72,65.75,62.42,64.35,64.07,0.28,0.437,421322.61,2700044.463
135,002049.SZ,20200219,61.45,67.24,60.3,64.07,61.35,2.72,4.4336,580245.81,3711460.725
136,002049.SZ,20200218,58.39,61.45,58.16,61.35,58.65,2.7,4.6036,453179.91,2726832.29
137,002049.SZ,20200217,58.3,58.87,57.41,58.65,57.4,1.25,2.1777,346701.73,2019337.382
138,002049.SZ,20200214,56.83,59.77,56.62,57.4,57.2,0.2,0.3497,416097.07,2418169.135
139,002049.SZ,20200213,56.2,58.77,55.15,57.2,56.4,0.8,1.4184,442467.15,2525038.443
140,002049.SZ,20200212,54.0,56.73,53.71,56.4,54.3,2.1,3.8674,345633.19,1921511.335
141,002049.SZ,20200211,55.2,55.9,54.2,54.3,55.03,-0.73,-1.3265,226581.64,1241410.645
142,002049.SZ,20200210,54.8,55.94,54.08,55.03,55.26,-0.23,-0.4162,283696.88,1559546.393
143,002049.SZ,20200207,51.5,55.5,51.21,55.26,51.79,3.47,6.7001,379169.42,2044706.387
144,002049.SZ,20200206,50.0,52.12,49.73,51.79,50.37,1.42,2.8191,261277.13,1337325.641
145,002049.SZ,20200205,50.79,52.66,49.91,50.37,50.88,-0.51,-1.0024,320999.29,1644716.779
146,002049.SZ,20200204,46.1,51.34,46.1,50.88,50.26,0.62,1.2336,314884.11,1573297.884
147,002049.SZ,20200203,50.26,50.26,50.26,50.26,55.84,-5.58,-9.9928,31902.0,160339.452
148,002049.SZ,20200123,58.0,60.2,55.01,55.84,58.76,-2.92,-4.9694,390254.47,2244873.849
149,002049.SZ,20200122,56.09,59.88,55.66,58.76,56.97,1.79,3.142,335578.31,1937714.37
150,002049.SZ,20200121,55.41,57.99,55.17,56.97,55.98,0.99,1.7685,323653.92,1826434.102
151,002049.SZ,20200120,54.0,56.28,53.5,55.98,53.9,2.08,3.859,293445.61,1624468.769
152,002049.SZ,20200117,54.4,55.24,53.78,53.9,54.65,-0.75,-1.3724,196043.16,1065317.631
153,002049.SZ,20200116,54.68,55.95,53.87,54.65,54.79,-0.14,-0.2555,230606.68,1261005.808
154,002049.SZ,20200115,52.93,54.8,52.8,54.79,52.95,1.84,3.475,261174.05,1406824.5
155,002049.SZ,20200114,54.56,54.58,52.94,52.95,54.5,-1.55,-2.844,250211.93,1338952.091
156,002049.SZ,20200113,52.24,54.85,51.88,54.5,52.34,2.16,4.1269,348530.52,1878548.641
157,002049.SZ,20200110,51.39,52.78,51.2,52.34,51.18,1.16,2.2665,260079.41,1358932.632
158,002049.SZ,20200109,50.93,51.36,50.43,51.18,50.3,0.88,1.7495,155582.24,793034.717
159,002049.SZ,20200108,51.86,52.3,50.3,50.3,52.34,-2.04,-3.8976,228745.28,1168474.189
160,002049.SZ,20200107,52.23,52.57,51.7,52.34,52.08,0.26,0.4992,138968.14,723914.989
161,002049.SZ,20200106,51.42,52.78,51.06,52.08,51.96,0.12,0.2309,187402.97,977896.622
162,002049.SZ,20200103,52.47,52.76,51.43,51.96,52.29,-0.33,-0.6311,154822.22,804175.311
163,002049.SZ,20200102,51.45,52.85,50.91,52.29,50.84,1.45,2.8521,204287.27,1065455.595
164,002049.SZ,20191231,51.14,51.99,50.68,50.84,51.4,-0.56,-1.0895,127553.72,652457.582
165,002049.SZ,20191230,51.28,51.59,49.71,51.4,51.69,-0.29,-0.561,193587.67,984639.925
166,002049.SZ,20191227,53.15,53.4,51.69,51.69,52.91,-1.22,-2.3058,209715.62,1098861.03
167,002049.SZ,20191226,52.85,53.1,51.91,52.91,53.1,-0.19,-0.3578,251547.11,1322107.586
168,002049.SZ,20191225,49.15,54.29,49.15,53.1,49.45,3.65,7.3812,490000.06,2559978.192
169,002049.SZ,20191224,49.96,49.96,48.4,49.45,49.79,-0.34,-0.6829,177685.68,872462.989
170,002049.SZ,20191223,48.5,51.45,48.2,49.79,49.57,0.22,0.4438,281767.09,1405951.032
171,002049.SZ,20191220,49.89,50.66,49.46,49.57,49.79,-0.22,-0.4419,128670.68,644685.455
172,002049.SZ,20191219,50.83,50.83,49.54,49.79,50.9,-1.11,-2.1807,178561.8,891616.047
173,002049.SZ,20191218,51.0,51.88,50.75,50.9,51.03,-0.13,-0.2548,206062.87,1055666.497
174,002049.SZ,20191217,51.46,51.46,50.36,51.03,51.48,-0.45,-0.8741,268616.44,1366027.347
175,002049.SZ,20191216,50.1,51.48,49.93,51.48,50.25,1.23,2.4478,262314.76,1333160.561
176,002049.SZ,20191213,50.2,50.43,48.94,50.25,49.66,0.59,1.1881,219992.43,1095778.481
177,002049.SZ,20191212,49.15,50.8,49.04,49.66,48.91,0.75,1.5334,229334.08,1145670.517
178,002049.SZ,20191211,50.2,50.79,48.8,48.91,50.43,-1.52,-3.0141,207449.19,1027953.276
179,002049.SZ,20191210,49.41,50.75,48.73,50.43,49.78,0.65,1.3057,224024.59,1116917.072
180,002049.SZ,20191209,50.37,51.29,49.31,49.78,49.96,-0.18,-0.3603,265560.15,1330753.802
181,002049.SZ,20191206,47.89,49.96,47.71,49.96,47.68,2.28,4.7819,319749.53,1574082.729
182,002049.SZ,20191205,47.33,48.24,46.8,47.68,47.35,0.33,0.6969,198765.59,944888.803
183,002049.SZ,20191204,45.32,48.77,45.22,47.35,45.63,1.72,3.7694,261925.03,1242655.226
184,002049.SZ,20191203,44.79,45.75,44.59,45.63,45.19,0.44,0.9737,113375.25,512382.136
185,002049.SZ,20191202,44.83,45.75,44.46,45.19,44.8,0.39,0.8705,116346.71,526840.961
186,002049.SZ,20191129,44.35,44.87,44.16,44.8,44.45,0.35,0.7874,79329.02,353597.499
187,002049.SZ,20191128,44.71,45.0,44.21,44.45,44.99,-0.54,-1.2003,86106.68,384102.437
188,002049.SZ,20191127,43.71,45.61,43.52,44.99,44.1,0.89,2.0181,152572.51,683430.868
189,002049.SZ,20191126,43.64,44.26,43.03,44.1,43.26,0.84,1.9417,109561.25,480031.903
190,002049.SZ,20191125,43.99,43.99,42.47,43.26,43.87,-0.61,-1.3905,110272.14,475755.57
191,002049.SZ,20191122,44.58,45.69,43.6,43.87,45.1,-1.23,-2.7273,161240.43,717105.415
192,002049.SZ,20191121,45.18,45.89,44.73,45.1,45.62,-0.52,-1.1399,106126.85,479520.077
193,002049.SZ,20191120,46.18,46.72,45.61,45.62,46.38,-0.76,-1.6386,113804.28,524861.228
194,002049.SZ,20191119,45.58,46.41,45.36,46.38,45.75,0.63,1.377,131708.68,604208.082
195,002049.SZ,20191118,45.93,46.36,45.42,45.75,45.88,-0.13,-0.2833,96174.55,440359.206
196,002049.SZ,20191115,46.09,46.88,45.31,45.88,46.45,-0.57,-1.2271,157192.33,724557.951
197,002049.SZ,20191114,45.6,46.75,45.36,46.45,45.9,0.55,1.1983,145529.47,671811.917
198,002049.SZ,20191113,45.01,46.28,44.7,45.9,45.41,0.49,1.0791,155167.85,709580.974
199,002049.SZ,20191112,45.36,45.55,43.88,45.41,45.14,0.27,0.5981,147170.8,658287.619
200,002049.SZ,20191111,46.9,46.9,44.78,45.14,47.5,-2.36,-4.9684,206729.61,943234.45
201,002049.SZ,20191108,47.65,48.3,47.24,47.5,47.42,0.08,0.1687,151009.88,721416.795
202,002049.SZ,20191107,47.0,48.59,46.85,47.42,46.98,0.44,0.9366,259373.31,1234864.03
203,002049.SZ,20191106,52.3,52.3,46.98,46.98,52.2,-5.22,-10.0,433458.77,2107485.389
204,002049.SZ,20191105,51.95,52.45,51.15,52.2,52.0,0.2,0.3846,169055.79,875342.193
205,002049.SZ,20191104,51.2,52.4,50.9,52.0,51.03,0.97,1.9008,131290.72,680665.66
206,002049.SZ,20191101,50.6,51.45,50.35,51.03,50.96,0.07,0.1374,93485.74,477176.233
207,002049.SZ,20191031,51.0,51.93,50.57,50.96,51.77,-0.81,-1.5646,114781.38,587344.208
208,002049.SZ,20191030,50.5,53.0,50.05,51.77,50.96,0.81,1.5895,156506.23,812079.547
209,002049.SZ,20191029,52.3,52.56,50.96,50.96,52.72,-1.76,-3.3384,139242.1,718218.123
210,002049.SZ,20191028,51.5,52.88,51.05,52.72,51.09,1.63,3.1904,188683.23,982353.588
211,002049.SZ,20191025,50.09,51.1,49.52,51.09,50.1,0.99,1.976,122370.3,617031.891
212,002049.SZ,20191024,50.2,50.73,49.64,50.1,49.74,0.36,0.7238,110334.46,552826.132
213,002049.SZ,20191023,49.94,50.3,49.3,49.74,49.97,-0.23,-0.4603,87801.24,437399.523
214,002049.SZ,20191022,49.12,50.16,49.12,49.97,49.16,0.81,1.6477,105809.24,526269.149
215,002049.SZ,20191021,49.17,49.69,48.15,49.16,48.98,0.18,0.3675,105412.76,515495.591
216,002049.SZ,20191018,51.05,51.44,48.98,48.98,50.86,-1.88,-3.6964,162300.54,811355.235
217,002049.SZ,20191017,51.51,52.14,50.76,50.86,51.79,-0.93,-1.7957,95640.69,491887.684
218,002049.SZ,20191016,52.02,52.51,51.46,51.79,51.82,-0.03,-0.0579,89739.72,466299.057
219,002049.SZ,20191015,53.05,53.53,51.68,51.82,53.53,-1.71,-3.1945,123735.99,646234.985
220,002049.SZ,20191014,52.15,54.01,52.12,53.53,51.62,1.91,3.7001,196182.18,1044904.074
221,002049.SZ,20191011,52.28,52.41,51.01,51.62,52.41,-0.79,-1.5073,116338.89,601416.144
222,002049.SZ,20191010,51.92,52.62,51.53,52.41,52.17,0.24,0.46,139325.36,724929.717
223,002049.SZ,20191009,50.7,52.23,49.9,52.17,50.73,1.44,2.8386,137206.44,703809.416
224,002049.SZ,20191008,51.51,52.2,50.15,50.73,51.09,-0.36,-0.7046,116593.3,597290.592
225,002049.SZ,20190930,52.3,52.8,51.09,51.09,52.08,-0.99,-1.9009,125849.89,652916.925
226,002049.SZ,20190927,51.62,52.62,51.26,52.08,51.65,0.43,0.8325,144846.26,754796.278
227,002049.SZ,20190926,54.16,54.49,51.01,51.65,54.16,-2.51,-4.6344,259533.91,1362719.418
228,002049.SZ,20190925,57.4,57.4,54.01,54.16,58.2,-4.04,-6.9416,348710.34,1929660.973
229,002049.SZ,20190924,59.0,59.8,58.18,58.2,59.26,-1.06,-1.7887,299013.9,1760475.78
230,002049.SZ,20190923,57.34,59.26,56.56,59.26,57.61,1.65,2.8641,323618.49,1877026.663
231,002049.SZ,20190920,56.5,58.3,56.18,57.61,56.4,1.21,2.1454,276553.81,1586292.525
232,002049.SZ,20190919,55.81,56.46,55.65,56.4,55.65,0.75,1.3477,164654.74,924512.477
233,002049.SZ,20190918,55.88,56.21,54.74,55.65,55.46,0.19,0.3426,187604.27,1043402.172
234,002049.SZ,20190917,57.55,57.73,55.2,55.46,58.1,-2.64,-4.5439,284787.61,1596908.618
235,002049.SZ,20190916,57.5,59.18,57.21,58.1,57.64,0.46,0.7981,236723.22,1381384.286
236,002049.SZ,20190912,57.63,58.3,56.83,57.64,57.38,0.26,0.4531,204934.92,1183641.857
237,002049.SZ,20190911,57.08,58.19,56.58,57.38,57.11,0.27,0.4728,238424.05,1368972.738
238,002049.SZ,20190910,59.02,59.21,56.05,57.11,59.59,-2.48,-4.1618,374954.43,2154733.497
239,002049.SZ,20190909,57.99,59.59,57.11,59.59,57.81,1.78,3.0791,361324.67,2114577.823
240,002049.SZ,20190906,58.6,59.48,56.68,57.81,58.86,-1.05,-1.7839,372723.49,2159009.982
241,002049.SZ,20190905,60.5,60.94,58.2,58.86,59.66,-0.8,-1.3409,474373.32,2819441.294
242,002049.SZ,20190904,55.99,60.01,55.95,59.66,55.88,3.78,6.7645,528843.48,3073288.772
243,002049.SZ,20190903,54.7,57.59,54.44,55.88,54.53,1.35,2.4757,481040.57,2691758.148
244,002049.SZ,20190902,53.79,55.69,53.0,54.53,53.4,1.13,2.1161,444214.68,2420748.749
245,002049.SZ,20190830,51.49,55.85,51.31,53.4,50.8,2.6,5.1181,580640.07,3131410.238
246,002049.SZ,20190829,51.6,51.79,50.5,50.8,51.2,-0.4,-0.7813,231487.7,1182580.451
247,002049.SZ,20190828,51.01,51.51,50.45,51.2,51.01,0.19,0.3725,199187.47,1015438.485
248,002049.SZ,20190827,49.45,51.66,49.04,51.01,49.13,1.88,3.8266,354049.86,1791829.115
249,002049.SZ,20190826,48.38,49.65,48.26,49.13,49.2,-0.07,-0.1423,187180.48,919292.852
250,002049.SZ,20190823,49.7,50.16,48.42,49.2,49.59,-0.39,-0.7864,191354.89,942703.315
251,002049.SZ,20190822,50.89,50.89,48.93,49.59,50.95,-1.36,-2.6693,293720.41,1459229.496
252,002049.SZ,20190821,50.24,51.68,49.52,50.95,50.13,0.82,1.6357,260019.34,1318802.219
253,002049.SZ,20190820,50.75,51.04,49.91,50.13,51.0,-0.87,-1.7059,229739.82,1156425.093
254,002049.SZ,20190819,50.37,51.79,49.8,51.0,50.09,0.91,1.8167,375167.48,1906079.959
255,002049.SZ,20190816,49.5,50.38,49.34,50.09,49.95,0.14,0.2803,322256.59,1607264.404
256,002049.SZ,20190815,46.32,50.3,46.0,49.95,47.53,2.42,5.0915,422096.6,2047778.434
257,002049.SZ,20190814,48.2,49.22,47.24,47.53,47.11,0.42,0.8915,320282.26,1545367.135
258,002049.SZ,20190813,47.1,47.64,46.74,47.11,47.8,-0.69,-1.4435,178671.38,841636.783
259,002049.SZ,20190812,45.0,47.83,44.65,47.8,44.66,3.14,7.0309,294720.64,1365807.379
260,002049.SZ,20190809,46.95,46.95,44.44,44.66,46.45,-1.79,-3.8536,240239.02,1094004.077
261,002049.SZ,20190808,45.26,46.69,44.8,46.45,44.95,1.5,3.337,242899.73,1113790.978
262,002049.SZ,20190807,47.19,47.19,44.9,44.95,46.82,-1.87,-3.994,256177.01,1175646.556
263,002049.SZ,20190806,46.3,47.33,45.6,46.82,48.05,-1.23,-2.5598,308576.84,1433994.96
264,002049.SZ,20190805,48.87,49.97,47.81,48.05,49.39,-1.34,-2.7131,337527.97,1649228.644
265,002049.SZ,20190802,47.18,49.66,47.17,49.39,48.6,0.79,1.6255,401902.76,1961897.493
266,002049.SZ,20190801,48.41,49.18,47.8,48.6,48.55,0.05,0.103,264374.78,1279998.48
267,002049.SZ,20190731,46.6,49.49,46.36,48.55,46.67,1.88,4.0283,393165.98,1903774.672
268,002049.SZ,20190730,48.25,48.37,46.38,46.67,48.21,-1.54,-3.1944,285620.11,1356325.784
269,002049.SZ,20190729,47.88,48.65,47.65,48.21,47.88,0.33,0.6892,221009.63,1063472.865
270,002049.SZ,20190726,47.62,48.5,47.45,47.88,47.92,-0.04,-0.0835,306643.95,1470238.862
271,002049.SZ,20190725,46.43,49.21,46.2,47.92,44.88,3.04,6.7736,521753.78,2491038.783
272,002049.SZ,20190724,44.5,45.46,44.32,44.88,44.28,0.6,1.355,179006.51,805598.926
273,002049.SZ,20190723,43.09,44.55,42.98,44.28,43.12,1.16,2.6902,128075.17,563728.144
274,002049.SZ,20190722,45.45,45.7,42.87,43.12,44.93,-1.81,-4.0285,154925.36,678136.324
275,002049.SZ,20190719,44.49,44.99,44.36,44.93,44.44,0.49,1.1026,128548.63,574956.683
276,002049.SZ,20190718,44.65,45.06,44.14,44.44,45.29,-0.85,-1.8768,152388.38,678965.051
277,002049.SZ,20190717,43.98,45.88,43.98,45.29,43.73,1.56,3.5673,295425.28,1335687.646
278,002049.SZ,20190716,43.22,44.44,43.08,43.73,43.52,0.21,0.4825,130803.2,573052.346
279,002049.SZ,20190715,42.14,43.76,41.5,43.52,42.18,1.34,3.1769,144261.06,620148.426
280,002049.SZ,20190712,42.0,42.36,41.53,42.18,41.86,0.32,0.7645,63105.38,265867.675
281,002049.SZ,20190711,42.58,42.79,41.57,41.86,42.33,-0.47,-1.1103,86462.3,365011.116
282,002049.SZ,20190710,42.48,42.98,42.0,42.33,42.12,0.21,0.4986,97758.54,415993.564
283,002049.SZ,20190709,42.1,42.6,41.58,42.12,42.09,0.03,0.0713,96280.21,406066.667
284,002049.SZ,20190708,44.55,44.97,42.09,42.09,44.59,-2.5,-5.6066,190156.68,824318.472
285,002049.SZ,20190705,44.3,44.71,44.03,44.59,44.01,0.58,1.3179,96026.71,426800.623
286,002049.SZ,20190704,44.5,44.75,43.8,44.01,44.28,-0.27,-0.6098,93076.72,410718.056
287,002049.SZ,20190703,45.12,45.21,44.19,44.28,45.46,-1.18,-2.5957,131552.21,585812.24
288,002049.SZ,20190702,45.99,46.3,45.18,45.46,46.07,-0.61,-1.3241,165203.84,755081.57
289,002049.SZ,20190701,45.6,46.48,45.01,46.07,44.11,1.96,4.4434,287019.27,1313905.022
290,002049.SZ,20190628,45.2,45.2,43.85,44.11,45.28,-1.17,-2.5839,151468.17,672230.666
291,002049.SZ,20190627,44.83,45.85,44.61,45.28,44.52,0.76,1.7071,218666.36,988795.546
292,002049.SZ,20190626,44.2,45.19,44.02,44.52,44.18,0.34,0.7696,152459.97,682899.099
293,002049.SZ,20190625,44.98,45.39,43.69,44.18,44.73,-0.55,-1.2296,175049.63,776919.955
294,002049.SZ,20190624,44.65,45.5,44.25,44.73,45.23,-0.5,-1.1055,169970.32,762251.968
295,002049.SZ,20190621,43.61,47.5,43.58,45.23,43.46,1.77,4.0727,328359.94,1488599.588
296,002049.SZ,20190620,42.18,43.95,41.98,43.46,42.5,0.96,2.2588,226697.71,976372.986
297,002049.SZ,20190619,42.7,43.63,42.46,42.5,41.57,0.93,2.2372,257324.11,1107301.971
298,002049.SZ,20190618,42.51,42.6,41.1,41.57,42.3,-0.73,-1.7258,152643.14,638429.51
299,002049.SZ,20190617,42.12,42.8,41.1,42.3,42.0,0.3,0.7143,181582.27,761983.149
300,002049.SZ,20190614,44.06,44.6,41.92,42.0,44.05,-2.05,-4.6538,236153.49,1022399.031
301,002049.SZ,20190613,44.34,45.21,43.76,44.05,44.8,-0.75,-1.6741,219067.8,972016.305
302,002049.SZ,20190612,44.5,46.54,44.31,44.8,45.29,-0.49,-1.0819,332912.1,1506497.603
303,002049.SZ,20190611,43.85,45.4,42.0,45.29,43.9,1.39,3.1663,412461.48,1823912.23
304,002049.SZ,20190610,43.65,44.45,42.82,43.9,43.6,0.3,0.6881,283410.69,1241713.943
305,002049.SZ,20190606,46.2,46.8,43.5,43.6,47.04,-3.44,-7.3129,411483.39,1839880.637
306,002049.SZ,20190605,48.89,49.2,45.88,47.04,48.89,-1.85,-3.784,578308.88,2738286.734
307,002049.SZ,20190604,50.0,52.87,48.01,48.89,49.62,-0.73,-1.4712,957443.85,4834313.04
308,002049.SZ,20190603,49.62,49.62,49.62,49.62,45.11,4.51,9.9978,17530.36,86985.646
309,002049.SZ,20190517,43.0,45.11,43.0,45.11,41.01,4.1,9.9976,674569.83,3033958.078
310,002049.SZ,20190516,41.98,42.11,40.58,41.07,41.56,-0.49,-1.179,131469.26,541857.624
311,002049.SZ,20190515,41.16,41.68,40.94,41.56,41.16,0.4,0.9718,155640.47,643093.379
312,002049.SZ,20190514,40.6,42.18,40.58,41.16,41.02,0.14,0.3413,173355.76,719199.913
313,002049.SZ,20190513,41.0,42.16,40.71,41.02,41.75,-0.73,-1.7485,211372.0,875043.907
314,002049.SZ,20190510,39.57,41.8,37.8,41.75,38.73,3.02,7.7976,288486.38,1165935.34
315,002049.SZ,20190509,38.71,39.88,38.48,38.73,38.41,0.32,0.8331,153461.15,601529.877
316,002049.SZ,20190508,36.93,39.93,36.45,38.41,37.85,0.56,1.4795,191288.66,740321.278
317,002049.SZ,20190507,37.45,38.18,37.28,37.85,37.43,0.42,1.1221,150444.82,567690.091
318,002049.SZ,20190506,39.53,40.39,37.43,37.43,41.59,-4.16,-10.0024,217614.56,842271.094
319,002049.SZ,20190430,41.3,42.05,40.86,41.59,41.04,0.55,1.3402,125763.78,522425.28
320,002049.SZ,20190429,42.29,42.46,40.5,41.04,42.08,-1.04,-2.4715,176630.23,730010.411
321,002049.SZ,20190426,41.88,43.01,41.7,42.08,41.89,0.19,0.4536,148459.13,630915.555
322,002049.SZ,20190425,44.3,44.9,41.68,41.89,44.77,-2.88,-6.4329,213864.71,924762.708
323,002049.SZ,20190424,43.18,45.35,42.37,44.77,42.48,2.29,5.3908,257569.39,1133469.587
324,002049.SZ,20190423,44.95,44.95,42.32,42.48,44.8,-2.32,-5.1786,231003.6,998976.828
325,002049.SZ,20190422,45.09,45.79,44.31,44.8,45.14,-0.34,-0.7532,179219.75,808622.971
326,002049.SZ,20190419,45.4,45.8,44.78,45.14,44.95,0.19,0.4227,163051.1,737025.835
327,002049.SZ,20190418,45.3,45.65,44.3,44.95,45.3,-0.35,-0.7726,136698.77,614264.599
328,002049.SZ,20190417,46.4,46.65,44.98,45.3,45.94,-0.64,-1.3931,217269.03,994005.222
329,002049.SZ,20190416,44.0,46.05,43.28,45.94,44.66,1.28,2.8661,279834.79,1252159.274
330,002049.SZ,20190415,45.82,46.61,44.62,44.66,45.08,-0.42,-0.9317,186685.5,852919.404
331,002049.SZ,20190412,45.09,45.52,44.47,45.08,45.2,-0.12,-0.2655,111047.72,499738.531
332,002049.SZ,20190411,47.0,47.1,44.66,45.2,46.91,-1.71,-3.6453,244065.48,1109103.688
333,002049.SZ,20190410,46.59,47.45,45.36,46.91,46.7,0.21,0.4497,253831.41,1184322.728
334,002049.SZ,20190409,46.36,47.56,46.01,46.7,46.83,-0.13,-0.2776,216972.55,1011746.329
335,002049.SZ,20190408,48.59,48.59,46.0,46.83,49.4,-2.57,-5.2024,428568.33,2020640.218
336,002049.SZ,20190404,50.5,51.26,48.58,49.4,49.18,0.22,0.4473,382872.5,1912612.395
337,002049.SZ,20190403,49.21,49.79,47.91,49.18,50.23,-1.05,-2.0904,431847.87,2108654.529
338,002049.SZ,20190402,48.01,51.11,47.01,50.23,46.46,3.77,8.1145,790422.5,3927146.452
339,002049.SZ,20190401,47.05,47.45,45.25,46.46,45.03,1.43,3.1757,653235.28,3027084.703
340,002049.SZ,20190329,40.6,45.03,39.88,45.03,40.94,4.09,9.9902,781706.9,3411440.368
341,002049.SZ,20190328,39.66,43.88,39.66,40.94,39.95,0.99,2.4781,413966.84,1737693.865
342,002049.SZ,20190327,39.55,40.66,38.22,39.95,39.4,0.55,1.3959,203919.4,807410.503
343,002049.SZ,20190326,41.65,42.2,39.11,39.4,41.87,-2.47,-5.8992,263799.79,1077403.184
344,002049.SZ,20190325,40.5,42.68,40.25,41.87,41.35,0.52,1.2576,287216.82,1194967.73
345,002049.SZ,20190322,41.21,42.19,40.62,41.35,40.88,0.47,1.1497,228164.14,943468.426
346,002049.SZ,20190321,39.98,41.6,39.89,40.88,39.89,0.99,2.4818,301530.85,1234783.635
347,002049.SZ,20190320,40.78,40.8,39.25,39.89,40.8,-0.91,-2.2304,175456.48,700713.241
348,002049.SZ,20190319,40.02,41.61,39.7,40.8,40.15,0.65,1.6189,227181.39,926902.173
349,002049.SZ,20190318,39.37,40.15,38.69,40.15,39.27,0.88,2.2409,199235.44,787892.933
350,002049.SZ,20190315,39.6,40.13,38.9,39.27,39.44,-0.17,-0.431,200849.03,794886.09
351,002049.SZ,20190314,40.43,41.11,38.71,39.44,41.4,-1.96,-4.7343,300640.49,1194456.424
352,002049.SZ,20190313,44.0,44.01,41.1,41.4,44.52,-3.12,-7.0081,428253.29,1831590.146
353,002049.SZ,20190312,43.15,44.76,42.57,44.52,43.44,1.08,2.4862,569243.67,2487453.597
354,002049.SZ,20190311,44.65,44.98,41.55,43.44,42.87,0.57,1.3296,559089.13,2425983.667
355,002049.SZ,20190308,41.0,44.76,40.18,42.87,40.69,2.18,5.3576,736079.44,3213426.15
356,002049.SZ,20190307,40.22,41.75,39.96,40.69,40.67,0.02,0.0492,338377.22,1380291.761
357,002049.SZ,20190306,41.5,41.98,39.89,40.67,41.37,-0.7,-1.692,423427.51,1718285.641
358,002049.SZ,20190305,37.7,41.76,37.5,41.37,38.21,3.16,8.2701,485090.31,1921429.549
359,002049.SZ,20190304,38.29,39.49,37.83,38.21,37.6,0.61,1.6223,352403.29,1360887.616
360,002049.SZ,20190301,37.9,38.15,37.02,37.6,37.84,-0.24,-0.6342,154298.4,577370.567
361,002049.SZ,20190228,37.34,38.19,37.1,37.84,37.33,0.51,1.3662,184806.6,695919.86
362,002049.SZ,20190227,37.35,38.41,36.73,37.33,37.68,-0.35,-0.9289,258320.67,971308.911
363,002049.SZ,20190226,37.93,39.37,36.71,37.68,38.0,-0.32,-0.8421,420809.73,1590871.802
364,002049.SZ,20190225,36.0,38.36,35.56,38.0,35.2,2.8,7.9545,441527.38,1630238.004
365,002049.SZ,20190222,34.05,35.25,34.02,35.2,34.05,1.15,3.3774,233959.76,811377.314
366,002049.SZ,20190221,34.54,35.6,34.0,34.05,34.7,-0.65,-1.8732,279425.02,974109.942
367,002049.SZ,20190220,35.05,35.07,34.09,34.7,35.25,-0.55,-1.5603,194280.74,671732.009
368,002049.SZ,20190219,35.15,35.77,34.56,35.25,35.12,0.13,0.3702,275851.76,967358.754
369,002049.SZ,20190218,33.9,35.4,33.6,35.12,33.64,1.48,4.3995,292337.01,1014012.375
370,002049.SZ,20190215,33.59,34.57,33.47,33.64,33.64,0.0,0.0,193901.16,658557.776
371,002049.SZ,20190214,33.82,33.94,33.36,33.64,33.99,-0.35,-1.0297,196823.19,662276.194
372,002049.SZ,20190213,32.26,34.8,32.23,33.99,32.27,1.72,5.33,318741.17,1076975.898
373,002049.SZ,20190212,32.0,32.38,31.88,32.27,32.13,0.14,0.4357,162075.98,520409.746
374,002049.SZ,20190211,31.03,32.2,30.95,32.13,30.94,1.19,3.8462,173776.23,552386.034
375,002049.SZ,20190201,29.99,31.23,29.99,30.94,30.13,0.81,2.6884,122047.44,375856.721
376,002049.SZ,20190131,30.01,30.63,29.65,30.13,29.95,0.18,0.601,86997.98,262717.907
377,002049.SZ,20190130,30.35,30.79,29.9,29.95,30.65,-0.7,-2.2838,87166.83,264438.92
378,002049.SZ,20190129,31.4,31.4,30.02,30.65,31.53,-0.88,-2.791,133299.84,408118.334
379,002049.SZ,20190128,32.0,32.33,31.47,31.53,31.66,-0.13,-0.4106,129644.18,413163.981
380,002049.SZ,20190125,32.16,32.78,31.54,31.66,32.13,-0.47,-1.4628,204092.96,655147.003
381,002049.SZ,20190124,30.46,33.29,30.38,32.13,30.46,1.67,5.4826,294871.57,941057.115
382,002049.SZ,20190123,30.57,30.69,30.21,30.46,30.69,-0.23,-0.7494,54314.17,165114.355
383,002049.SZ,20190122,31.3,31.41,30.52,30.69,31.27,-0.58,-1.8548,105382.38,325303.957
384,002049.SZ,20190121,30.45,31.3,30.35,31.27,30.44,0.83,2.7267,140479.9,435274.427
385,002049.SZ,20190118,30.09,30.67,29.87,30.44,30.08,0.36,1.1968,84328.64,255545.79
386,002049.SZ,20190117,30.8,30.8,29.91,30.08,30.71,-0.63,-2.0514,77582.29,235043.571
387,002049.SZ,20190116,30.64,31.45,30.53,30.71,30.65,0.06,0.1958,92565.57,286511.617
388,002049.SZ,20190115,30.05,30.73,29.94,30.65,30.06,0.59,1.9627,83580.62,254514.429
389,002049.SZ,20190114,30.51,30.75,30.03,30.06,30.63,-0.57,-1.8609,69234.71,209607.415
390,002049.SZ,20190111,30.58,31.08,30.5,30.63,30.49,0.14,0.4592,66877.79,205450.993
391,002049.SZ,20190110,30.62,31.23,30.34,30.49,30.83,-0.34,-1.1028,97337.18,300264.848
392,002049.SZ,20190109,30.59,31.88,30.21,30.83,30.49,0.34,1.1151,165627.97,515186.423
393,002049.SZ,20190108,30.78,30.85,30.31,30.49,30.9,-0.41,-1.3269,81117.1,247587.189
394,002049.SZ,20190107,29.88,31.14,29.81,30.9,29.68,1.22,4.1105,146221.67,447961.994
395,002049.SZ,20190104,28.43,29.8,28.3,29.68,29.08,0.6,2.0633,94827.21,277975.382
396,002049.SZ,20190103,29.08,29.6,28.88,29.08,29.05,0.03,0.1033,60194.12,176475.291
397,002049.SZ,20190102,29.11,29.28,28.94,29.05,28.9,0.15,0.519,48448.44,141013.569
398,002049.SZ,20181228,29.56,29.75,28.88,28.9,29.49,-0.59,-2.0007,79471.93,231756.638
399,002049.SZ,20181227,30.72,30.79,29.49,29.49,30.23,-0.74,-2.4479,88717.49,268365.614
400,002049.SZ,20181226,30.64,30.84,30.23,30.23,30.68,-0.45,-1.4668,51468.6,157017.642
401,002049.SZ,20181225,30.52,30.7,29.61,30.68,30.85,-0.17,-0.5511,93319.06,281499.281
402,002049.SZ,20181224,30.18,30.87,30.18,30.85,30.3,0.55,1.8152,72687.26,222324.247
403,002049.SZ,20181221,30.3,30.65,30.18,30.3,30.42,-0.12,-0.3945,52251.63,158801.508
404,002049.SZ,20181220,30.28,30.65,30.16,30.42,30.35,0.07,0.2306,48941.54,148859.601
405,002049.SZ,20181219,30.8,30.96,30.16,30.35,30.74,-0.39,-1.2687,47904.45,146682.03
406,002049.SZ,20181218,30.76,31.15,30.5,30.74,30.95,-0.21,-0.6785,55398.51,170563.051
407,002049.SZ,20181217,30.79,31.1,30.5,30.95,30.9,0.05,0.1618,54828.71,169016.333
408,002049.SZ,20181214,32.14,32.15,30.9,30.9,32.2,-1.3,-4.0373,107532.15,338899.962
409,002049.SZ,20181213,32.16,32.5,31.8,32.2,32.03,0.17,0.5308,96229.98,309782.701
410,002049.SZ,20181212,32.39,32.48,31.9,32.03,32.21,-0.18,-0.5588,59734.96,191767.902
411,002049.SZ,20181211,32.08,32.57,31.9,32.21,31.98,0.23,0.7192,69792.58,224929.133
412,002049.SZ,20181210,32.53,32.74,31.91,31.98,32.67,-0.69,-2.112,94235.69,303100.486
413,002049.SZ,20181207,32.89,33.3,32.66,32.67,32.85,-0.18,-0.5479,86766.34,285770.892
414,002049.SZ,20181206,32.86,33.33,32.48,32.85,33.04,-0.19,-0.5751,125501.46,413255.849
415,002049.SZ,20181205,32.89,33.58,32.8,33.04,33.61,-0.57,-1.6959,121889.27,403925.735
416,002049.SZ,20181204,33.22,33.87,33.07,33.61,33.3,0.31,0.9309,153058.85,512782.754
417,002049.SZ,20181203,33.02,33.56,32.63,33.3,31.99,1.31,4.095,198413.65,658234.258
418,002049.SZ,20181130,31.5,32.2,31.16,31.99,31.84,0.15,0.4711,113469.35,359965.616
419,002049.SZ,20181129,33.38,33.81,31.81,31.84,32.88,-1.04,-3.163,161603.27,531046.89
420,002049.SZ,20181128,32.02,32.88,31.86,32.88,32.25,0.63,1.9535,122481.11,398351.433
421,002049.SZ,20181127,32.21,32.55,32.0,32.25,32.0,0.25,0.7813,97731.38,315902.489
422,002049.SZ,20181126,32.71,33.22,31.45,32.0,32.85,-0.85,-2.5875,155152.11,499553.788
423,002049.SZ,20181123,33.54,34.48,32.61,32.85,33.38,-0.53,-1.5878,245834.62,826727.271
424,002049.SZ,20181122,33.6,33.93,33.33,33.38,33.33,0.05,0.15,121551.17,408849.654
425,002049.SZ,20181121,33.1,33.57,32.55,33.33,33.8,-0.47,-1.3905,150672.53,499081.017
426,002049.SZ,20181120,33.47,34.88,33.1,33.8,33.83,-0.03,-0.0887,241009.43,825875.227
427,002049.SZ,20181119,33.99,34.2,33.36,33.83,34.3,-0.47,-1.3703,153263.1,516762.9
428,002049.SZ,20181116,34.2,34.65,33.82,34.3,33.88,0.42,1.2397,217125.1,744673.778
429,002049.SZ,20181115,33.4,34.0,33.22,33.88,33.75,0.13,0.3852,216884.08,729814.443
430,002049.SZ,20181114,32.47,34.37,32.29,33.75,32.48,1.27,3.9101,340942.77,1138699.719
431,002049.SZ,20181113,31.59,32.78,31.34,32.48,32.09,0.39,1.2153,188383.76,604501.424
432,002049.SZ,20181112,31.05,32.18,31.0,32.09,31.06,1.03,3.3162,138342.41,438999.541
433,002049.SZ,20181109,31.36,31.97,31.04,31.06,31.69,-0.63,-1.988,103688.4,326843.556
434,002049.SZ,20181108,32.85,32.85,31.68,31.69,32.38,-0.69,-2.1309,133635.41,430351.428
435,002049.SZ,20181107,32.47,33.17,32.36,32.38,32.58,-0.2,-0.6139,184667.97,605347.73
436,002049.SZ,20181106,32.17,32.93,32.01,32.58,32.55,0.03,0.0922,147776.66,481583.805
437,002049.SZ,20181105,32.89,33.1,31.82,32.55,33.1,-0.55,-1.6616,206147.66,671204.994
438,002049.SZ,20181102,32.18,33.15,31.85,33.1,31.5,1.6,5.0794,288285.93,937552.158
439,002049.SZ,20181101,31.85,32.5,31.12,31.5,30.88,0.62,2.0078,249477.31,790241.271
440,002049.SZ,20181031,30.08,31.33,30.06,30.88,30.01,0.87,2.899,171017.5,525227.836
441,002049.SZ,20181030,30.69,30.91,28.31,30.01,31.03,-1.02,-3.2871,182883.43,542667.275
442,002049.SZ,20181029,31.01,31.66,30.57,31.03,30.72,0.31,1.0091,131262.35,408397.265
443,002049.SZ,20181026,31.18,32.57,30.72,30.72,30.08,0.64,2.1277,208046.88,657095.473
444,002049.SZ,20181018,30.66,30.94,29.97,30.08,31.15,-1.07,-3.435,143148.32,435635.866
445,002049.SZ,20181017,30.73,31.88,29.71,31.15,30.24,0.91,3.0093,224382.67,691263.168
446,002049.SZ,20181016,32.5,33.11,29.65,30.24,32.57,-2.33,-7.1538,234200.9,726816.632
447,002049.SZ,20181015,34.15,34.6,32.38,32.57,34.19,-1.62,-4.7382,177318.5,597463.42
448,002049.SZ,20181012,34.95,35.28,32.67,34.19,36.3,-2.11,-5.8127,313056.47,1054626.125
449,002049.SZ,20181011,35.18,37.8,34.93,36.3,36.65,-0.35,-0.955,270721.39,984635.36
450,002049.SZ,20181010,35.2,38.68,34.71,36.65,35.16,1.49,4.2378,181326.85,668803.878
451,002049.SZ,20181009,35.0,35.66,34.77,35.16,34.78,0.38,1.0926,88775.62,312770.152
452,002049.SZ,20181008,36.34,36.85,34.51,34.78,37.7,-2.92,-7.7454,131760.84,470929.987
453,002049.SZ,20180928,37.8,37.95,37.34,37.7,37.53,0.17,0.453,78170.91,294603.861
454,002049.SZ,20180927,38.08,38.59,37.5,37.53,38.33,-0.8,-2.0871,109220.72,414900.547
455,002049.SZ,20180926,38.0,38.85,37.75,38.33,38.15,0.18,0.4718,150329.74,575367.586
456,002049.SZ,20180925,38.09,38.64,37.58,38.15,38.14,0.01,0.0262,117722.65,449254.372
457,002049.SZ,20180921,37.56,38.25,36.81,38.14,37.31,0.83,2.2246,146940.03,553868.592
458,002049.SZ,20180920,37.63,38.13,37.2,37.31,37.71,-0.4,-1.0607,106478.21,400275.904
459,002049.SZ,20180919,36.75,38.45,36.64,37.71,36.8,0.91,2.4728,180191.07,678101.285
460,002049.SZ,20180918,36.0,36.97,35.93,36.8,36.05,0.75,2.0804,113517.32,414165.313
461,002049.SZ,20180917,37.17,37.2,35.32,36.05,37.42,-1.37,-3.6611,113792.28,411744.672
462,002049.SZ,20180914,38.19,38.31,37.3,37.42,38.15,-0.73,-1.9135,108803.17,410792.897
463,002049.SZ,20180913,38.46,38.7,37.28,38.15,37.93,0.22,0.58,120031.96,456695.311
464,002049.SZ,20180912,37.77,38.6,37.66,37.93,37.69,0.24,0.6368,126546.27,482546.645
465,002049.SZ,20180911,37.24,38.15,37.11,37.69,37.25,0.44,1.1812,121532.76,457136.955
466,002049.SZ,20180910,39.2,39.22,37.18,37.25,39.14,-1.89,-4.8288,185797.95,705160.443
467,002049.SZ,20180907,41.85,42.41,39.0,39.14,42.0,-2.86,-6.8095,266538.76,1072049.455
468,002049.SZ,20180906,41.51,42.75,41.31,42.0,41.91,0.09,0.2147,143791.85,605337.358
469,002049.SZ,20180905,43.34,43.52,41.73,41.91,44.18,-2.27,-5.1381,256341.51,1086061.843
470,002049.SZ,20180904,43.06,44.68,42.8,44.18,43.35,0.83,1.9146,172726.14,755219.762
471,002049.SZ,20180903,43.45,43.6,41.69,43.35,43.45,-0.1,-0.2301,162655.15,692839.614
472,002049.SZ,20180831,44.15,44.9,43.24,43.45,44.5,-1.05,-2.3596,149411.37,659374.452
473,002049.SZ,20180830,46.0,46.2,44.46,44.5,46.13,-1.63,-3.5335,183149.5,826806.819
474,002049.SZ,20180829,45.85,46.18,45.3,46.13,45.84,0.29,0.6326,182696.24,838167.85
475,002049.SZ,20180828,45.98,46.5,45.46,45.84,46.0,-0.16,-0.3478,176395.31,809916.99
476,002049.SZ,20180827,44.8,46.08,44.19,46.0,44.5,1.5,3.3708,245014.58,1113421.334
477,002049.SZ,20180824,44.5,45.18,43.76,44.5,44.34,0.16,0.3608,161584.83,719137.24
478,002049.SZ,20180823,43.05,44.91,43.05,44.34,43.31,1.03,2.3782,204076.67,906002.111
479,002049.SZ,20180822,43.96,44.66,43.28,43.31,44.32,-1.01,-2.2789,118858.41,521585.192
480,002049.SZ,20180821,44.28,44.87,43.43,44.32,44.3,0.02,0.0451,168491.79,743641.165
481,002049.SZ,20180820,43.19,44.46,42.75,44.3,43.45,0.85,1.9563,177008.37,772781.125
482,002049.SZ,20180817,45.7,46.33,43.1,43.45,45.28,-1.83,-4.0415,245326.74,1093683.625
483,002049.SZ,20180816,45.44,46.96,45.08,45.28,46.1,-0.82,-1.7787,275615.85,1270103.241
484,002049.SZ,20180815,45.4,47.2,45.08,46.1,45.48,0.62,1.3632,308290.69,1426301.656
485,002049.SZ,20180814,46.17,46.59,45.3,45.48,46.79,-1.31,-2.7997,188730.93,863527.683
486,002049.SZ,20180813,44.67,47.2,44.21,46.79,44.97,1.82,4.0471,316858.17,1445555.405
487,002049.SZ,20180810,44.08,45.19,44.07,44.97,44.37,0.6,1.3523,228338.43,1018492.843
488,002049.SZ,20180809,41.93,45.16,41.71,44.37,42.0,2.37,5.6429,304701.72,1343353.351
489,002049.SZ,20180808,43.07,43.45,41.92,42.0,43.5,-1.5,-3.4483,155575.71,663692.878
490,002049.SZ,20180807,42.25,43.57,41.62,43.5,41.82,1.68,4.0172,182911.09,780991.907
491,002049.SZ,20180806,41.6,42.85,41.23,41.82,42.12,-0.3,-0.7123,138149.93,579983.391
492,002049.SZ,20180803,43.69,43.9,42.08,42.12,43.75,-1.63,-3.7257,147265.43,632186.524
493,002049.SZ,20180802,43.86,43.98,42.2,43.75,44.21,-0.46,-1.0405,182006.54,784980.446
494,002049.SZ,20180801,44.8,45.94,44.16,44.21,44.53,-0.32,-0.7186,172482.41,779269.424
495,002049.SZ,20180731,45.3,45.88,44.09,44.53,45.22,-0.69,-1.5259,163944.73,738710.049
496,002049.SZ,20180730,47.25,47.49,44.7,45.22,47.0,-1.78,-3.7872,208377.73,953422.126
497,002049.SZ,20180727,46.6,47.55,46.5,47.0,47.02,-0.02,-0.0425,129717.81,610520.927
498,002049.SZ,20180726,48.66,48.89,46.9,47.02,48.9,-1.88,-3.8446,265057.63,1266438.313
499,002049.SZ,20180725,47.53,51.0,47.32,48.9,47.69,1.21,2.5372,429703.54,2105911.004
500,002049.SZ,20180724,47.4,48.36,46.65,47.69,47.44,0.25,0.527,294463.88,1400720.665
501,002049.SZ,20180723,46.49,48.12,46.3,47.44,46.75,0.69,1.4759,275968.64,1309844.26
502,002049.SZ,20180720,45.33,47.01,44.9,46.75,45.37,1.38,3.0417,241300.21,1112821.622
503,002049.SZ,20180719,46.0,46.55,44.84,45.37,46.4,-1.03,-2.22,210875.06,960522.259
504,002049.SZ,20180718,47.99,48.39,46.39,46.4,47.78,-1.38,-2.89,290756.7,1372153.775
505,002049.SZ,20180717,46.0,47.79,45.83,47.78,46.46,1.32,2.84,334021.75,1570880.603
506,002049.SZ,20180716,46.61,47.35,46.12,46.46,46.29,0.17,0.37,267244.19,1248905.441
507,002049.SZ,20180713,46.0,46.45,45.42,46.29,45.97,0.32,0.7,280263.12,1289170.508
508,002049.SZ,20180712,43.4,47.16,43.2,45.97,43.62,2.35,5.39,421767.66,1932146.213
509,002049.SZ,20180711,44.6,45.24,42.08,43.62,45.68,-2.06,-4.51,316051.69,1384484.213
510,002049.SZ,20180710,45.53,45.9,45.19,45.68,45.85,-0.17,-0.37,185411.49,844049.806
511,002049.SZ,20180709,44.5,45.99,43.85,45.85,44.52,1.33,2.99,281357.61,1273635.173
512,002049.SZ,20180706,44.85,47.25,44.11,44.52,44.64,-0.12,-0.27,405901.91,1854430.251
513,002049.SZ,20180705,45.45,46.81,44.25,44.64,45.7,-1.06,-2.32,296108.09,1347836.777
514,002049.SZ,20180704,45.6,46.28,44.92,45.7,46.29,-0.59,-1.27,318660.16,1450324.865
515,002049.SZ,20180703,43.45,47.79,43.11,46.29,43.53,2.76,6.34,465485.99,2113159.309
516,002049.SZ,20180702,44.2,44.46,42.78,43.53,44.12,-0.59,-1.34,342827.63,1498903.47
517,002049.SZ,20180629,40.36,44.12,40.36,44.12,40.11,4.01,10.0,393509.34,1668324.015
518,002049.SZ,20180628,40.0,41.32,40.0,40.11,40.35,-0.24,-0.59,180120.08,731230.539
519,002049.SZ,20180627,40.25,41.57,39.81,40.35,40.26,0.09,0.22,256661.55,1043614.469
520,002049.SZ,20180626,37.94,40.89,37.51,40.26,38.82,1.44,3.71,286402.19,1142366.578
521,002049.SZ,20180625,40.3,40.42,38.6,38.82,39.91,-1.09,-2.73,194626.11,770920.934
522,002049.SZ,20180622,39.7,40.77,38.5,39.91,40.14,-0.23,-0.57,247261.67,985679.637
523,002049.SZ,20180621,43.72,43.98,39.89,40.14,44.09,-3.95,-8.96,373684.75,1560776.118
524,002049.SZ,20180620,44.41,45.35,43.21,44.09,44.47,-0.38,-0.85,262400.16,1161513.745
525,002049.SZ,20180619,46.02,48.1,43.44,44.47,48.27,-3.8,-7.87,349939.28,1604946.4
526,002049.SZ,20180615,47.53,48.69,46.67,48.27,47.6,0.67,1.41,365368.25,1748963.737
527,002049.SZ,20180614,45.97,47.78,45.5,47.6,46.41,1.19,2.56,282376.87,1329502.835
528,002049.SZ,20180613,46.03,47.77,45.81,46.41,46.31,0.1,0.22,255692.45,1201981.234
529,002049.SZ,20180612,46.29,46.58,45.01,46.31,46.12,0.19,0.41,173823.06,796018.0
530,002049.SZ,20180611,46.77,47.27,46.06,46.12,46.76,-0.64,-1.37,129514.33,602678.256
531,002049.SZ,20180608,46.7,47.5,45.85,46.76,47.06,-0.3,-0.64,202234.61,943523.219
532,002049.SZ,20180607,47.99,48.3,46.93,47.06,47.77,-0.71,-1.49,172869.33,821134.036
533,002049.SZ,20180606,48.0,48.38,47.05,47.77,48.38,-0.61,-1.26,229703.2,1096367.657
534,002049.SZ,20180605,47.3,48.5,46.84,48.38,47.05,1.33,2.83,271787.65,1299909.824
535,002049.SZ,20180604,46.45,48.28,46.01,47.05,45.95,1.1,2.39,269978.73,1277546.957
536,002049.SZ,20180601,47.89,48.38,45.7,45.95,48.48,-2.53,-5.22,266670.72,1252874.321
537,002049.SZ,20180531,49.49,49.98,46.81,48.48,49.49,-1.01,-2.04,292712.34,1417496.334
538,002049.SZ,20180530,49.41,51.5,48.3,49.49,49.21,0.28,0.57,332590.36,1672456.45
539,002049.SZ,20180529,49.28,50.1,48.52,49.21,49.08,0.13,0.26,184799.85,912770.643
540,002049.SZ,20180528,48.9,50.15,47.56,49.08,48.95,0.13,0.27,228138.91,1119366.793
541,002049.SZ,20180525,51.3,51.39,48.94,48.95,51.67,-2.72,-5.26,333522.05,1666365.112
542,002049.SZ,20180524,53.76,53.77,51.57,51.67,53.31,-1.64,-3.08,269236.47,1418875.07
543,002049.SZ,20180523,53.1,54.8,52.6,53.31,53.09,0.22,0.41,411992.33,2213909.04
544,002049.SZ,20180522,52.75,53.3,52.22,53.09,53.11,-0.02,-0.04,273591.15,1445603.085
545,002049.SZ,20180521,50.6,53.32,50.33,53.11,50.58,2.53,5.0,412691.2,2151759.201
546,002049.SZ,20180518,51.65,51.77,49.68,50.58,51.58,-1.0,-1.94,258176.22,1305101.85
547,002049.SZ,20180517,50.88,52.31,50.76,51.58,51.18,0.4,0.78,244202.96,1264734.058
548,002049.SZ,20180516,51.5,51.95,50.9,51.18,51.9,-0.72,-1.39,229512.72,1178595.048
549,002049.SZ,20180515,51.17,51.95,50.51,51.9,50.74,1.16,2.29,279003.31,1432744.384
550,002049.SZ,20180514,51.03,52.59,50.4,50.74,52.55,-1.81,-3.44,365639.54,1872348.782
551,002049.SZ,20180511,53.24,54.2,52.4,52.55,53.58,-1.03,-1.92,311419.65,1656750.499
552,002049.SZ,20180510,54.8,54.8,52.6,53.58,54.83,-1.25,-2.28,371700.2,1991153.482
553,002049.SZ,20180509,54.13,56.29,54.12,54.83,54.93,-0.1,-0.18,345509.98,1908758.195
554,002049.SZ,20180508,56.55,56.7,53.53,54.98,56.89,-1.91,-3.36,481939.7,2657725.864
555,002049.SZ,20180507,55.39,56.97,55.03,56.89,56.12,0.77,1.37,396521.03,2221365.742
556,002049.SZ,20180504,53.46,58.1,52.71,56.12,53.8,2.32,4.31,604305.9,3366741.68
557,002049.SZ,20180503,53.0,54.15,50.85,53.8,53.8,0.0,0.0,444672.12,2335755.801
558,002049.SZ,20180502,53.5,54.14,52.04,53.8,53.15,0.65,1.22,377915.55,2015952.687
559,002049.SZ,20180427,58.04,58.3,52.68,53.15,57.04,-3.89,-6.82,645888.69,3511204.446
560,002049.SZ,20180426,58.0,58.93,56.8,57.04,57.2,-0.16,-0.28,535812.99,3103882.225
561,002049.SZ,20180425,58.14,59.66,56.68,57.2,59.1,-1.9,-3.21,607902.81,3527330.54
562,002049.SZ,20180424,56.93,60.16,56.0,59.1,58.5,0.6,1.03,671267.58,3901630.882
563,002049.SZ,20180423,58.6,60.76,56.56,58.5,58.15,0.35,0.6,838211.2,4891031.214
564,002049.SZ,20180420,53.51,59.75,53.06,58.15,54.38,3.77,6.93,980556.77,5569657.533
565,002049.SZ,20180419,55.0,57.87,54.03,54.38,53.93,0.45,0.83,1057679.47,5895683.554
566,002049.SZ,20180418,50.01,53.93,50.01,53.93,49.03,4.9,9.99,800311.27,4221434.197
567,002049.SZ,20180417,48.48,50.0,46.47,49.03,47.94,1.09,2.27,507509.6,2476787.612
568,002049.SZ,20180416,46.3,48.15,45.98,47.94,46.7,1.24,2.66,349700.58,1658735.406
569,002049.SZ,20180413,46.68,47.1,45.8,46.7,46.28,0.42,0.91,259362.46,1209056.959
570,002049.SZ,20180412,45.76,47.26,45.76,46.28,45.75,0.53,1.16,288450.87,1342842.52
571,002049.SZ,20180411,46.67,46.97,45.63,45.75,46.31,-0.56,-1.21,262781.77,1216918.078
572,002049.SZ,20180410,46.46,46.58,44.75,46.31,45.98,0.33,0.72,292713.46,1341844.598
573,002049.SZ,20180409,48.0,48.3,44.01,45.98,48.69,-2.71,-5.57,475437.48,2196037.082
574,002049.SZ,20180404,50.5,50.66,48.21,48.69,50.58,-1.89,-3.74,299859.8,1482265.101
575,002049.SZ,20180403,50.0,50.96,48.88,50.58,51.71,-1.13,-2.19,355340.53,1775154.736
576,002049.SZ,20180402,52.48,54.26,50.91,51.71,51.97,-0.26,-0.5,569530.06,2997929.784
577,002049.SZ,20180330,50.74,52.3,50.36,51.97,50.9,1.07,2.1,441264.98,2278814.941
578,002049.SZ,20180329,52.1,52.81,49.86,50.9,51.71,-0.81,-1.57,401277.46,2053541.951
579,002049.SZ,20180328,51.8,52.5,51.01,51.71,52.74,-1.03,-1.95,384264.52,1988842.78
580,002049.SZ,20180327,50.95,53.2,50.22,52.74,50.7,2.04,4.02,630622.65,3257000.435
581,002049.SZ,20180326,46.15,50.81,46.15,50.7,46.19,4.51,9.76,578973.37,2832725.329
582,002049.SZ,20180323,45.5,47.2,44.01,46.19,48.28,-2.09,-4.33,471434.97,2161660.272
583,002049.SZ,20180322,48.7,50.96,47.2,48.28,48.88,-0.6,-1.23,564346.86,2792969.316
584,002049.SZ,20180321,49.55,51.3,48.78,48.88,49.29,-0.41,-0.83,474863.15,2374684.504
585,002049.SZ,20180320,48.4,49.37,47.89,49.29,49.04,0.25,0.51,296777.26,1446115.431
586,002049.SZ,20180319,46.95,50.33,46.95,49.04,47.43,1.61,3.39,465298.29,2274320.684
587,002049.SZ,20180316,48.71,48.94,46.75,47.43,48.78,-1.35,-2.77,316182.45,1510310.363
588,002049.SZ,20180315,45.9,48.87,45.87,48.78,46.27,2.51,5.42,404457.29,1922542.5
589,002049.SZ,20180314,48.0,48.84,46.01,46.27,48.17,-1.9,-3.94,351558.33,1668640.657
590,002049.SZ,20180313,48.9,50.33,47.9,48.17,48.85,-0.68,-1.39,367020.11,1807964.737
591,002049.SZ,20180312,48.33,49.55,47.56,48.85,47.95,0.9,1.88,336971.91,1637392.79
592,002049.SZ,20180309,46.22,48.23,46.1,47.95,46.45,1.5,3.23,340801.81,1618071.59
593,002049.SZ,20180308,46.82,47.18,45.85,46.45,47.29,-0.84,-1.78,282001.49,1307246.676
594,002049.SZ,20180307,47.0,48.97,46.6,47.29,46.94,0.35,0.75,398254.96,1909424.407
595,002049.SZ,20180306,47.0,48.39,46.2,46.94,47.4,-0.46,-0.97,426088.74,2007364.51
596,002049.SZ,20180305,43.9,47.98,43.51,47.4,43.84,3.56,8.12,478134.93,2188589.047
597,002049.SZ,20180302,44.0,44.88,43.11,43.84,44.96,-1.12,-2.49,345752.68,1521807.629
598,002049.SZ,20180301,42.0,45.82,41.8,44.96,42.6,2.36,5.54,473452.54,2083019.29
599,002049.SZ,20180228,42.0,43.35,41.41,42.6,42.48,0.12,0.28,321555.34,1366534.933
600,002049.SZ,20180227,42.46,43.18,41.52,42.48,42.32,0.16,0.38,344338.26,1459970.661
601,002049.SZ,20180226,40.25,43.48,40.25,42.32,40.94,1.38,3.37,445496.23,1875542.195
602,002049.SZ,20180223,39.09,41.5,38.28,40.94,38.28,2.66,6.95,460588.05,1816598.127
603,002049.SZ,20180222,35.86,38.28,35.41,38.28,34.8,3.48,10.0,276384.07,1040227.015
604,002049.SZ,20180214,35.89,35.99,34.6,34.8,35.7,-0.9,-2.52,113732.18,398394.724
605,002049.SZ,20180213,36.5,36.65,35.63,35.7,36.11,-0.41,-1.14,168477.84,606747.838
606,002049.SZ,20180212,34.8,36.3,34.51,36.11,34.17,1.94,5.68,178510.89,634975.954
607,002049.SZ,20180209,34.58,35.97,33.51,34.17,35.74,-1.57,-4.39,181301.81,631573.728
608,002049.SZ,20180208,34.2,36.0,34.0,35.74,34.39,1.35,3.93,199828.14,704992.144
609,002049.SZ,20180207,34.35,35.25,32.9,34.39,33.4,0.99,2.96,201597.52,687749.684
610,002049.SZ,20180206,34.62,35.88,33.22,33.4,36.03,-2.63,-7.3,178532.66,616750.261
611,002049.SZ,20180205,35.82,37.4,35.48,36.03,36.61,-0.58,-1.58,118916.35,434091.044
612,002049.SZ,20180202,36.1,37.3,34.86,36.61,36.4,0.21,0.58,140817.05,515456.918
613,002049.SZ,20180201,36.67,37.26,35.96,36.4,36.59,-0.19,-0.52,164143.71,601822.346
614,002049.SZ,20180131,38.5,39.0,35.68,36.59,39.19,-2.6,-6.63,240054.23,886583.922
615,002049.SZ,20180130,39.31,39.98,38.84,39.19,39.73,-0.54,-1.36,117907.01,464754.859
616,002049.SZ,20180129,41.5,42.2,39.2,39.73,41.64,-1.91,-4.59,199514.78,806651.367
617,002049.SZ,20180126,42.2,42.77,41.51,41.64,42.0,-0.36,-0.86,140556.87,590478.206
618,002049.SZ,20180125,42.5,43.2,42.0,42.0,42.9,-0.9,-2.1,212398.07,903443.784
619,002049.SZ,20180124,40.25,43.99,39.65,42.9,40.17,2.73,6.8,363122.88,1520096.418
620,002049.SZ,20180123,39.93,40.78,39.9,40.17,40.05,0.12,0.3,141301.81,568872.699
621,002049.SZ,20180122,39.66,40.51,38.5,40.05,39.58,0.47,1.19,184598.84,733004.034
622,002049.SZ,20180119,40.1,40.75,39.5,39.58,40.0,-0.42,-1.05,161707.16,648363.965
623,002049.SZ,20180118,40.8,41.26,40.0,40.0,41.53,-1.53,-3.68,181718.73,736942.585
624,002049.SZ,20180117,40.9,42.1,38.59,41.53,40.75,0.78,1.91,320838.18,1303091.508
625,002049.SZ,20180116,40.39,41.68,40.2,40.75,41.22,-0.47,-1.14,230762.0,941440.31
626,002049.SZ,20180115,45.0,45.02,41.04,41.22,45.6,-4.38,-9.61,460676.79,1956141.287
627,002049.SZ,20180112,46.8,47.45,45.6,45.6,47.0,-1.4,-2.98,209477.83,970498.616
628,002049.SZ,20180111,45.85,47.42,45.73,47.0,46.2,0.8,1.73,241643.19,1131696.727
629,002049.SZ,20180110,46.85,47.46,45.71,46.2,46.94,-0.74,-1.58,224558.7,1045793.71
630,002049.SZ,20180109,47.0,47.4,46.35,46.94,47.14,-0.2,-0.42,182629.45,856274.049
631,002049.SZ,20180108,47.55,47.64,46.01,47.14,48.2,-1.06,-2.2,331489.03,1550533.966
632,002049.SZ,20180105,49.46,49.65,48.2,48.2,49.81,-1.61,-3.23,316590.11,1543552.212
633,002049.SZ,20180104,48.7,50.88,48.62,49.81,49.22,0.59,1.2,534361.31,2656298.516
634,002049.SZ,20180103,46.97,49.56,46.77,49.22,47.21,2.01,4.26,464908.14,2247511.319
635,002049.SZ,20180102,47.66,48.19,46.58,47.21,47.99,-0.78,-1.63,320772.57,1511674.867
636,002049.SZ,20171229,47.09,49.23,46.64,47.99,47.99,0.0,0.0,428699.79,2067282.02
637,002049.SZ,20171228,45.5,48.49,45.09,47.99,46.61,1.38,2.96,433050.46,2046073.307
638,002049.SZ,20171227,46.16,48.65,46.01,46.61,46.82,-0.21,-0.45,331194.32,1567072.186
639,002049.SZ,20171226,46.95,47.44,44.8,46.82,47.25,-0.43,-0.91,379833.92,1748261.118
640,002049.SZ,20171225,48.6,49.17,47.08,47.25,48.78,-1.53,-3.14,278161.13,1327847.427
641,002049.SZ,20171222,49.4,50.22,48.2,48.78,49.72,-0.94,-1.89,306261.41,1503206.828
642,002049.SZ,20171221,47.99,50.58,47.0,49.72,48.39,1.33,2.75,451995.87,2224584.467
643,002049.SZ,20171220,48.8,49.5,46.7,48.39,49.22,-0.83,-1.69,432714.06,2087542.269
644,002049.SZ,20171219,48.9,49.9,47.75,49.22,48.76,0.46,0.94,338827.76,1656357.875
645,002049.SZ,20171218,50.4,50.8,47.51,48.76,51.65,-2.89,-5.6,432769.8,2128640.806
646,002049.SZ,20171215,52.07,53.15,49.7,51.65,52.76,-1.11,-2.1,555757.98,2868565.834
647,002049.SZ,20171214,51.2,54.47,50.86,52.76,51.18,1.58,3.09,728249.74,3836821.153
648,002049.SZ,20171213,50.55,51.46,49.33,51.18,50.41,0.77,1.53,451602.8,2280061.968
649,002049.SZ,20171212,49.99,51.95,49.2,50.41,50.38,0.03,0.06,537527.37,2721624.688
650,002049.SZ,20171211,48.2,50.66,47.51,50.38,48.01,2.37,4.94,628470.32,3112201.862
651,002049.SZ,20171208,45.39,50.18,45.32,48.01,45.88,2.13,4.64,661998.96,3216595.846
652,002049.SZ,20171207,47.3,47.72,45.62,45.88,48.01,-2.13,-4.44,389590.02,1824248.93
653,002049.SZ,20171206,44.0,48.55,44.0,48.01,44.81,3.2,7.14,526105.21,2431050.797
654,002049.SZ,20171205,47.0,47.65,43.51,44.81,48.3,-3.49,-7.23,510961.28,2336379.317
655,002049.SZ,20171204,49.27,50.25,47.5,48.3,50.31,-2.01,-4.0,471435.03,2291705.639
656,002049.SZ,20171201,47.2,51.5,47.18,50.31,47.93,2.38,4.97,663594.14,3313246.125
657,002049.SZ,20171130,46.91,49.67,45.5,47.93,49.0,-1.07,-2.18,518126.5,2467142.271
658,002049.SZ,20171129,48.96,51.5,47.82,49.0,49.71,-0.71,-1.43,686695.18,3401584.776
659,002049.SZ,20171128,44.75,49.71,44.05,49.71,45.19,4.52,10.0,612633.51,2860249.84
660,002049.SZ,20171127,45.2,47.5,44.5,45.19,46.0,-0.81,-1.76,498221.83,2287229.439
661,002049.SZ,20171124,49.8,50.8,45.03,46.0,49.31,-3.31,-6.71,634231.49,3097393.4
662,002049.SZ,20171123,49.0,52.18,47.52,49.31,49.91,-0.6,-1.2,758002.38,3786170.865
663,002049.SZ,20171122,45.0,50.0,44.75,49.91,45.52,4.39,9.64,762223.22,3632410.431
664,002049.SZ,20171121,44.0,46.18,43.48,45.52,42.46,3.06,7.21,727607.72,3247935.07
665,002049.SZ,20171120,39.31,42.46,39.05,42.46,38.6,3.86,10.0,594527.8,2471466.464
666,002049.SZ,20171117,39.55,41.28,38.58,38.6,39.36,-0.76,-1.93,381985.71,1523076.671
667,002049.SZ,20171116,38.64,39.5,37.68,39.36,38.35,1.01,2.63,299243.22,1162241.157
668,002049.SZ,20171115,39.0,40.09,37.33,38.35,39.45,-1.1,-2.79,328832.91,1271604.621
669,002049.SZ,20171114,41.6,41.92,39.0,39.45,42.12,-2.67,-6.34,413328.61,1672272.527
670,002049.SZ,20171113,40.9,42.85,40.05,42.12,40.8,1.32,3.24,394266.03,1639672.655
671,002049.SZ,20171110,40.4,41.76,39.9,40.8,40.6,0.2,0.49,335217.79,1370251.933
672,002049.SZ,20171109,38.86,41.85,38.7,40.6,39.28,1.32,3.36,423623.72,1719485.319
673,002049.SZ,20171108,39.01,39.51,38.52,39.28,39.45,-0.17,-0.43,310829.59,1211610.723
674,002049.SZ,20171107,36.51,39.89,36.13,39.45,36.71,2.74,7.46,502617.39,1921229.758
675,002049.SZ,20171106,36.8,38.26,35.82,36.71,36.45,0.26,0.71,372511.39,1381306.451
676,002049.SZ,20171103,35.1,37.19,34.65,36.45,35.19,1.26,3.58,353988.78,1283731.369
677,002049.SZ,20171102,34.9,35.6,34.32,35.19,35.09,0.1,0.29,256765.05,900708.091
678,002049.SZ,20171101,32.45,35.66,32.24,35.09,32.48,2.61,8.04,318602.12,1097477.548
679,002049.SZ,20171031,32.0,32.63,31.5,32.48,32.1,0.38,1.18,109054.17,350082.728
680,002049.SZ,20171030,31.91,32.73,31.26,32.1,32.0,0.1,0.31,135927.08,436570.621
681,002049.SZ,20171027,32.05,32.26,31.61,32.0,32.38,-0.38,-1.17,82658.12,263943.121
682,002049.SZ,20171026,31.7,33.0,31.62,32.38,31.67,0.71,2.24,154982.82,503142.686
683,002049.SZ,20171025,31.52,31.93,31.23,31.67,31.51,0.16,0.51,81493.08,258305.65
684,002049.SZ,20171024,33.57,33.57,31.22,31.51,33.88,-2.37,-7.0,250180.21,800308.743
685,002049.SZ,20171023,34.48,34.48,33.7,33.88,34.55,-0.67,-1.94,101066.03,343239.808
686,002049.SZ,20171020,33.8,34.6,33.62,34.55,34.12,0.43,1.26,108629.31,369442.544
687,002049.SZ,20171019,35.33,35.34,33.6,34.12,35.33,-1.21,-3.42,157205.05,539776.081
688,002049.SZ,20171018,34.1,35.73,34.1,35.33,34.09,1.24,3.64,230824.3,811579.102
689,002049.SZ,20171017,33.4,34.67,33.4,34.09,33.45,0.64,1.91,127063.93,433995.538
690,002049.SZ,20171016,34.08,34.7,33.4,33.45,34.37,-0.92,-2.68,128469.56,436405.032
691,002049.SZ,20171013,34.43,34.83,33.82,34.37,34.45,-0.08,-0.23,120455.68,413655.327
692,002049.SZ,20171012,33.92,34.86,33.77,34.45,33.92,0.53,1.56,166128.02,571148.783
693,002049.SZ,20171011,36.82,36.82,33.35,33.92,36.87,-2.95,-8.0,337813.09,1182433.571
694,002049.SZ,20171010,36.58,37.37,36.0,36.87,36.7,0.17,0.46,222716.41,817017.313
695,002049.SZ,20171009,37.71,38.37,36.53,36.7,37.18,-0.48,-1.29,417579.63,1564215.892
696,002049.SZ,20170929,35.81,37.18,35.4,37.18,35.99,1.19,3.31,416011.04,1519531.014
697,002049.SZ,20170928,33.54,37.24,33.33,35.99,33.85,2.14,6.32,397308.66,1429286.542
698,002049.SZ,20170927,33.0,34.4,32.73,33.85,33.26,0.59,1.77,248518.4,836864.013
699,002049.SZ,20170926,33.5,33.77,32.32,33.26,33.91,-0.65,-1.92,305199.77,1001655.989
700,002049.SZ,20170925,36.21,36.67,33.8,33.91,36.15,-2.24,-6.2,346806.02,1220431.041
701,002049.SZ,20170922,34.4,36.73,33.55,36.15,35.23,0.92,2.61,464610.34,1642265.29
702,002049.SZ,20170921,36.0,36.97,34.7,35.23,34.29,0.94,2.74,598469.39,2146999.933
703,002049.SZ,20170920,31.22,34.29,31.22,34.29,31.17,3.12,10.01,352283.29,1178659.673
704,002049.SZ,20170919,30.8,32.17,30.52,31.17,30.82,0.35,1.14,286106.84,896634.009
705,002049.SZ,20170918,28.67,31.28,28.67,30.82,28.66,2.16,7.54,228356.75,693895.626
706,002049.SZ,20170915,29.01,29.13,28.55,28.66,29.09,-0.43,-1.48,61188.83,175778.751
707,002049.SZ,20170914,29.26,29.79,28.91,29.09,29.16,-0.07,-0.24,77876.85,227981.607
708,002049.SZ,20170913,29.53,29.66,29.1,29.16,29.67,-0.51,-1.72,63447.57,185801.402
709,002049.SZ,20170912,29.3,29.97,28.81,29.67,29.26,0.41,1.4,123608.45,364005.55
710,002049.SZ,20170911,29.35,29.35,28.87,29.26,29.14,0.12,0.41,70701.82,205908.6
711,002049.SZ,20170908,29.49,29.89,28.85,29.14,29.56,-0.42,-1.42,89090.25,260874.311
712,002049.SZ,20170907,30.28,30.49,29.5,29.56,30.1,-0.54,-1.79,129097.22,387323.681
713,002049.SZ,20170906,29.18,30.45,28.81,30.1,29.32,0.78,2.66,158886.99,469137.408
714,002049.SZ,20170905,29.65,30.45,29.24,29.32,29.39,-0.07,-0.24,128890.9,384529.696
715,002049.SZ,20170904,28.25,30.14,28.15,29.39,28.32,1.07,3.78,161540.35,476617.69
716,002049.SZ,20170901,28.19,28.56,27.71,28.32,28.2,0.12,0.43,77349.42,217380.544
717,002049.SZ,20170831,27.95,28.45,27.91,28.2,27.79,0.41,1.48,76417.84,215373.783
718,002049.SZ,20170830,27.83,28.09,27.63,27.79,27.83,-0.04,-0.14,55907.02,155637.709
719,002049.SZ,20170829,28.0,28.27,27.66,27.83,28.11,-0.28,-1.0,58352.03,162767.81
720,002049.SZ,20170828,27.57,28.45,27.57,28.11,27.5,0.61,2.22,112772.18,316645.93
721,002049.SZ,20170825,26.84,27.5,26.79,27.5,26.79,0.71,2.65,76242.25,207769.219
722,002049.SZ,20170824,27.16,27.44,26.75,26.79,27.37,-0.58,-2.12,59887.62,161710.009
723,002049.SZ,20170823,27.16,28.18,26.6,27.37,27.25,0.12,0.44,120500.5,331172.239
724,002049.SZ,20170822,27.77,27.77,27.12,27.25,27.84,-0.59,-2.12,109908.09,301370.797
725,002049.SZ,20170821,26.59,28.64,26.59,27.84,26.54,1.3,4.9,183687.67,511340.762
726,002049.SZ,20170818,26.62,27.55,26.4,26.54,26.86,-0.32,-1.19,133641.02,360173.389
727,002049.SZ,20170817,25.78,28.12,25.53,26.86,25.69,1.17,4.55,192496.36,512130.226
728,002049.SZ,20170816,25.24,25.98,24.91,25.69,25.3,0.39,1.54,125139.1,318757.857
729,002049.SZ,20170815,24.59,25.69,24.5,25.3,24.34,0.96,3.94,144480.78,365010.424
730,002049.SZ,20170814,23.86,24.35,23.86,24.34,23.84,0.5,2.1,67492.59,163702.728
731,002049.SZ,20170811,23.73,24.16,23.68,23.84,23.9,-0.06,-0.25,43500.59,103821.274
732,002049.SZ,20170810,24.21,24.32,23.86,23.9,24.19,-0.29,-1.2,59210.52,142097.944
733,002049.SZ,20170809,24.1,24.37,24.09,24.19,24.25,-0.06,-0.25,41419.08,100258.976
734,002049.SZ,20170808,24.28,24.54,24.15,24.25,24.3,-0.05,-0.21,42469.87,103299.487
735,002049.SZ,20170807,24.64,24.64,24.25,24.3,24.64,-0.34,-1.38,50454.51,123015.318
736,002049.SZ,20170804,24.33,24.88,24.26,24.64,24.37,0.27,1.11,56755.84,139491.041
737,002049.SZ,20170803,24.0,24.71,23.92,24.37,24.06,0.31,1.29,55791.14,136102.912
738,002049.SZ,20170802,24.78,25.02,24.03,24.06,24.77,-0.71,-2.87,86139.45,211555.13
739,002049.SZ,20170801,24.87,24.94,24.68,24.77,24.87,-0.1,-0.4,38816.38,96282.306
740,002049.SZ,20170731,24.84,25.02,24.65,24.87,24.85,0.02,0.08,47226.39,117331.844
741,002049.SZ,20170728,25.2,25.27,24.75,24.85,25.34,-0.49,-1.93,57110.41,143069.181
742,002049.SZ,20170727,24.8,25.46,24.41,25.34,24.79,0.55,2.22,90302.24,225984.699
743,002049.SZ,20170726,25.1,25.11,24.54,24.79,25.14,-0.35,-1.39,50166.44,124033.988
744,002049.SZ,20170725,24.97,25.52,24.93,25.14,24.97,0.17,0.68,67505.94,170415.576
745,002049.SZ,20170724,25.0,25.14,24.65,24.97,25.32,-0.35,-1.38,67946.99,169119.988
746,002049.SZ,20170721,25.08,26.16,25.08,25.32,25.03,0.29,1.16,128879.01,329783.322
747,002049.SZ,20170720,24.22,25.16,23.99,25.03,24.22,0.81,3.34,160647.94,395552.921
748,002049.SZ,20170719,24.68,25.11,23.68,24.22,24.97,-0.75,-3.0,175917.42,426625.599
749,002049.SZ,20170718,24.97,25.58,24.97,24.97,27.74,-2.77,-9.99,189585.36,474509.728
750,002049.SZ,20170717,27.74,27.74,27.74,27.74,30.82,-3.08,-9.99,13184.0,36572.416
751,002049.SZ,20170217,31.0,31.09,30.65,30.88,30.97,-0.09,-0.29,32317.81,99672.419
752,002049.SZ,20170216,30.91,31.15,30.71,30.97,30.94,0.03,0.1,27619.54,85596.32
753,002049.SZ,20170215,31.28,31.28,30.6,30.94,31.23,-0.29,-0.93,45439.89,140641.264
754,002049.SZ,20170214,31.29,31.39,31.19,31.23,31.27,-0.04,-0.13,28386.44,88832.35
755,002049.SZ,20170213,31.44,31.44,31.03,31.27,31.45,-0.18,-0.57,40444.7,126306.226
756,002049.SZ,20170210,31.42,31.94,31.17,31.45,31.5,-0.05,-0.16,48217.66,151900.72
757,002049.SZ,20170209,31.42,31.88,31.25,31.5,31.36,0.14,0.45,50906.08,160721.649
758,002049.SZ,20170208,31.17,31.36,30.82,31.36,31.15,0.21,0.67,36843.38,114692.069
759,002049.SZ,20170207,30.95,31.35,30.95,31.15,30.95,0.2,0.65,36755.12,114587.564
760,002049.SZ,20170206,30.71,31.05,30.62,30.95,30.9,0.05,0.16,21158.44,65245.797
761,002049.SZ,20170203,30.9,31.06,30.7,30.9,30.9,0.0,0.0,19417.87,60027.995
762,002049.SZ,20170126,31.03,31.16,30.83,30.9,30.99,-0.09,-0.29,22241.86,68873.244
763,002049.SZ,20170125,30.63,31.14,30.57,30.99,30.88,0.11,0.36,29617.07,91362.877
764,002049.SZ,20170124,30.5,31.23,30.33,30.88,30.6,0.28,0.92,38188.72,117656.045
765,002049.SZ,20170123,30.59,30.88,30.51,30.6,30.52,0.08,0.26,25964.01,79599.791
766,002049.SZ,20170120,29.92,30.66,29.9,30.52,29.91,0.61,2.04,33774.6,102687.414
767,002049.SZ,20170119,29.65,30.07,29.62,29.91,29.91,0.0,0.0,23771.33,70925.577
768,002049.SZ,20170118,30.26,30.47,29.9,29.91,30.38,-0.47,-1.55,26319.23,79397.483
769,002049.SZ,20170117,30.61,30.68,29.49,30.38,30.41,-0.03,-0.1,46395.54,139798.167
770,002049.SZ,20170116,30.59,31.48,29.05,30.41,31.03,-0.62,-2.0,50767.85,155671.599
771,002049.SZ,20170113,31.5,31.65,31.0,31.03,31.51,-0.48,-1.52,32426.78,101453.419
772,002049.SZ,20170112,32.36,32.54,31.51,31.51,32.28,-0.77,-2.39,40488.12,129392.605
773,002049.SZ,20170111,32.38,32.64,32.24,32.28,32.4,-0.12,-0.37,30049.21,97413.799
774,002049.SZ,20170110,32.3,32.45,32.21,32.4,32.34,0.06,0.19,29455.11,95229.103
775,002049.SZ,20170109,32.26,32.48,31.87,32.34,32.26,0.08,0.25,30590.0,98426.393
776,002049.SZ,20170106,32.5,32.77,32.24,32.26,32.59,-0.33,-1.01,32947.42,106772.684
777,002049.SZ,20170105,33.04,33.54,32.55,32.59,33.05,-0.46,-1.39,60252.38,199166.815
778,002049.SZ,20170104,32.98,33.4,32.81,33.05,33.13,-0.08,-0.24,49308.04,162967.243
779,002049.SZ,20170103,33.15,33.92,33.1,33.13,32.94,0.19,0.58,43970.97,147194.71
780,002049.SZ,20161230,32.45,33.3,32.21,32.94,32.32,0.62,1.92,39531.7,129995.148
781,002049.SZ,20161229,32.35,32.69,32.2,32.32,32.35,-0.03,-0.09,23511.6,76432.275
782,002049.SZ,20161228,32.43,32.78,32.23,32.35,32.57,-0.22,-0.68,29135.93,94622.996
783,002049.SZ,20161227,33.01,33.33,32.41,32.57,33.21,-0.64,-1.93,41422.8,136197.051
784,002049.SZ,20161226,33.05,33.35,32.56,33.21,33.53,-0.32,-0.95,55441.1,182526.114
785,002049.SZ,20161223,32.65,33.97,32.33,33.53,32.83,0.7,2.13,99855.87,333780.349
786,002049.SZ,20161222,31.87,33.75,31.87,32.83,31.25,1.58,5.06,93933.75,309259.453
787,002049.SZ,20161221,30.91,31.37,30.89,31.25,30.83,0.42,1.36,27164.16,84634.273
788,002049.SZ,20161220,30.96,31.18,30.62,30.83,30.87,-0.04,-0.13,25203.51,77756.149
789,002049.SZ,20161219,31.25,31.29,30.8,30.87,31.24,-0.37,-1.18,16268.24,50299.124
790,002049.SZ,20161216,30.9,31.45,30.82,31.24,30.97,0.27,0.87,26090.54,81362.911
791,002049.SZ,20161215,30.65,31.52,30.51,30.97,30.69,0.28,0.91,28421.32,88329.041
792,002049.SZ,20161214,31.24,31.24,30.41,30.69,31.26,-0.57,-1.82,32368.38,99808.484
793,002049.SZ,20161213,31.76,32.0,30.56,31.26,32.0,-0.74,-2.31,40872.73,127910.244
794,002049.SZ,20161212,33.88,33.91,31.53,32.0,33.82,-1.82,-5.38,57382.47,188280.405
795,002049.SZ,20161209,33.77,33.93,33.33,33.82,33.92,-0.1,-0.29,50462.67,170100.864
796,002049.SZ,20161208,34.24,34.28,33.88,33.92,34.15,-0.23,-0.67,26164.69,89167.354
797,002049.SZ,20161207,33.97,34.19,33.81,34.15,33.87,0.28,0.83,29663.91,100939.286
798,002049.SZ,20161206,34.15,34.18,33.83,33.87,33.95,-0.08,-0.24,21113.17,71677.165
799,002049.SZ,20161205,33.85,34.2,33.51,33.95,34.0,-0.05,-0.15,32543.69,110386.059
800,002049.SZ,20161202,35.54,35.54,33.98,34.0,35.34,-1.34,-3.79,77315.9,267703.359
801,002049.SZ,20161201,35.61,35.72,35.26,35.34,35.77,-0.43,-1.2,51903.95,183525.806
802,002049.SZ,20161130,35.38,35.89,35.25,35.77,35.48,0.29,0.82,39458.46,140202.862
803,002049.SZ,20161129,35.52,36.14,35.32,35.48,35.52,-0.04,-0.11,48589.45,173381.883
804,002049.SZ,20161128,35.79,35.91,35.47,35.52,35.92,-0.4,-1.11,43646.17,155519.701
805,002049.SZ,20161125,35.7,35.94,35.04,35.92,35.67,0.25,0.7,44800.31,159366.961
806,002049.SZ,20161124,36.11,36.51,35.6,35.67,36.13,-0.46,-1.27,38276.45,137614.971
807,002049.SZ,20161123,36.4,36.75,36.02,36.13,36.0,0.13,0.36,72415.19,263389.97
808,002049.SZ,20161122,35.57,36.1,35.5,36.0,35.51,0.49,1.38,45033.26,161209.855
809,002049.SZ,20161121,35.68,35.85,35.01,35.51,35.58,-0.07,-0.2,32733.93,116601.918
810,002049.SZ,20161118,35.61,35.84,35.48,35.58,35.71,-0.13,-0.36,25641.8,91497.587
811,002049.SZ,20161117,36.21,36.29,35.63,35.71,36.31,-0.6,-1.65,42453.46,152113.831
812,002049.SZ,20161116,36.14,36.68,35.98,36.31,36.09,0.22,0.61,61309.21,223152.889
813,002049.SZ,20161115,36.07,36.18,35.61,36.09,36.07,0.02,0.06,40007.58,143566.141
814,002049.SZ,20161114,35.94,36.31,35.82,36.07,35.93,0.14,0.39,53408.75,192625.544
815,002049.SZ,20161111,35.88,36.0,35.59,35.93,35.75,0.18,0.5,47193.46,168911.581
816,002049.SZ,20161110,35.48,35.86,35.4,35.75,35.19,0.56,1.59,48172.38,171600.794
817,002049.SZ,20161109,35.83,35.94,34.79,35.19,35.82,-0.63,-1.76,55561.0,196447.776
818,002049.SZ,20161108,35.83,36.08,35.71,35.82,35.66,0.16,0.45,28930.27,103793.677
819,002049.SZ,20161107,35.97,36.17,35.55,35.66,35.94,-0.28,-0.78,30719.42,109729.482
820,002049.SZ,20161104,36.18,36.41,35.85,35.94,36.15,-0.21,-0.58,34370.83,124145.935
821,002049.SZ,20161103,35.97,36.57,35.88,36.15,36.1,0.05,0.14,36849.41,133416.027
822,002049.SZ,20161102,36.6,36.73,36.02,36.1,36.8,-0.7,-1.9,44215.8,160547.128
823,002049.SZ,20161101,36.5,36.96,36.21,36.8,36.36,0.44,1.21,44936.28,164525.438
824,002049.SZ,20161031,36.0,36.44,35.89,36.36,36.13,0.23,0.64,36928.66,133586.611
825,002049.SZ,20161028,36.21,36.56,36.08,36.13,36.26,-0.13,-0.36,32724.45,118676.1339
826,002049.SZ,20161027,36.79,36.85,36.11,36.26,36.79,-0.53,-1.44,51152.55,185802.2963
827,002049.SZ,20161026,37.15,37.15,36.61,36.79,37.14,-0.35,-0.94,39938.14,147057.9153
828,002049.SZ,20161025,37.12,37.31,37.0,37.14,37.11,0.03,0.08,32676.49,121320.6576
829,002049.SZ,20161024,36.5,37.29,36.5,37.11,36.78,0.33,0.9,39956.54,148055.823
830,002049.SZ,20161021,37.36,37.38,36.49,36.78,37.3,-0.52,-1.39,47927.62,176634.192
831,002049.SZ,20161020,37.01,37.44,36.87,37.3,37.05,0.25,0.67,39425.67,146442.1508
832,002049.SZ,20161019,37.44,37.55,36.96,37.05,37.41,-0.36,-0.96,43414.26,161314.9171
833,002049.SZ,20161018,36.95,37.44,36.81,37.41,36.95,0.46,1.24,42619.45,158346.9042
834,002049.SZ,20161017,37.77,37.96,36.91,36.95,37.56,-0.61,-1.62,47096.24,176074.2266
835,002049.SZ,20161014,37.7,38.3,37.42,37.56,37.69,-0.13,-0.34,48848.63,184746.4261
836,002049.SZ,20161013,37.7,38.1,37.32,37.69,37.91,-0.22,-0.58,45687.29,171583.2674
837,002049.SZ,20161012,36.66,38.23,36.6,37.91,36.77,1.14,3.1,117819.81,443137.0122
838,002049.SZ,20161011,36.82,37.1,36.6,36.77,36.85,-0.08,-0.22,50954.75,187683.8295
839,002049.SZ,20161010,36.05,37.15,35.89,36.85,35.64,1.21,3.4,64434.72,236186.2245
840,002049.SZ,20160930,35.56,35.89,35.55,35.64,35.65,-0.01,-0.03,25666.13,91580.1526
841,002049.SZ,20160929,35.75,36.07,35.6,35.65,35.74,-0.09,-0.25,26037.39,93290.362
842,002049.SZ,20160928,36.07,36.27,35.71,35.74,35.98,-0.24,-0.67,29613.47,106556.7397
843,002049.SZ,20160927,35.73,36.1,35.22,35.98,35.92,0.06,0.17,40373.44,144308.4599
844,002049.SZ,20160926,37.23,37.25,35.91,35.92,37.23,-1.31,-3.52,56889.92,207547.3029
845,002049.SZ,20160923,36.54,37.6,36.54,37.23,36.5,0.73,2.0,85898.75,319424.9873
846,002049.SZ,20160922,36.49,36.7,36.22,36.5,36.32,0.18,0.5,39571.83,144255.755
847,002049.SZ,20160921,36.26,36.49,36.13,36.32,36.39,-0.07,-0.19,24715.8,89790.398
848,002049.SZ,20160920,36.36,36.56,36.0,36.39,36.24,0.15,0.41,33785.27,122633.3794
849,002049.SZ,20160919,36.0,36.46,35.99,36.24,35.9,0.34,0.95,28372.27,102686.2965
850,002049.SZ,20160914,36.4,36.4,35.61,35.9,36.03,-0.13,-0.36,41763.78,150395.518
851,002049.SZ,20160913,36.02,36.42,36.0,36.03,35.85,0.18,0.5,47836.63,172990.8053
852,002049.SZ,20160912,37.22,37.36,35.83,35.85,37.95,-2.1,-5.53,92430.5,338535.6479
853,002049.SZ,20160909,37.9,38.45,37.9,37.95,37.95,0.0,0.0,50399.59,192067.4512
854,002049.SZ,20160908,37.91,38.18,37.7,37.95,37.92,0.03,0.08,35486.07,134554.423
855,002049.SZ,20160907,38.33,38.43,37.9,37.92,38.27,-0.35,-0.91,48526.38,185357.0224
856,002049.SZ,20160906,37.8,38.42,37.28,38.27,37.68,0.59,1.57,51627.93,196098.9293
857,002049.SZ,20160905,37.85,38.12,37.57,37.68,37.71,-0.03,-0.08,35984.31,135989.9364
858,002049.SZ,20160902,38.05,38.3,37.5,37.71,38.05,-0.34,-0.89,50902.47,192456.4797
859,002049.SZ,20160901,38.55,38.86,38.03,38.05,38.52,-0.47,-1.22,44283.11,170009.9228
860,002049.SZ,20160831,38.9,39.2,38.0,38.52,39.0,-0.48,-1.23,63095.59,242796.6944
861,002049.SZ,20160830,39.39,39.58,38.84,39.0,39.75,-0.75,-1.89,79957.74,313680.4687
862,002049.SZ,20160829,38.33,39.8,38.33,39.75,38.33,1.42,3.7,128551.11,503331.0538
863,002049.SZ,20160826,38.0,38.96,38.0,38.33,37.63,0.7,1.86,88802.47,343095.045
864,002049.SZ,20160825,38.2,38.2,37.17,37.63,38.09,-0.46,-1.21,55508.29,208364.9149
865,002049.SZ,20160824,37.97,38.48,37.88,38.09,37.82,0.27,0.71,37416.26,142901.7418
866,002049.SZ,20160823,37.88,38.26,37.63,37.82,37.91,-0.09,-0.24,42903.76,162929.9893
867,002049.SZ,20160822,38.86,39.01,37.9,37.91,38.86,-0.95,-2.44,58503.14,224056.6385
868,002049.SZ,20160819,38.9,39.12,38.55,38.86,38.99,-0.13,-0.33,50230.23,194833.0495
869,002049.SZ,20160818,39.78,39.9,38.7,38.99,39.71,-0.72,-1.81,83923.55,328954.6923
870,002049.SZ,20160817,39.19,40.07,38.79,39.71,39.26,0.45,1.15,76894.17,304081.893
871,002049.SZ,20160816,39.19,39.5,39.13,39.26,39.26,0.0,0.0,64955.47,255384.5013
872,002049.SZ,20160815,38.18,39.62,37.9,39.26,38.2,1.06,2.77,83423.99,324858.5054
873,002049.SZ,20160812,37.65,38.27,37.59,38.2,37.98,0.22,0.58,51613.31,195733.7466
874,002049.SZ,20160811,38.61,38.9,37.86,37.98,38.92,-0.94,-2.42,74655.44,285640.5686
875,002049.SZ,20160810,39.59,40.18,38.91,38.92,39.29,-0.37,-0.94,102238.09,404832.038
876,002049.SZ,20160809,38.52,39.29,38.17,39.29,38.48,0.81,2.11,83800.14,325141.3772
877,002049.SZ,20160808,37.97,38.64,37.15,38.48,38.04,0.44,1.16,55648.19,211471.4185
878,002049.SZ,20160805,38.56,38.88,38.02,38.04,38.93,-0.89,-2.29,73339.5,281575.0403
879,002049.SZ,20160804,37.88,39.1,37.6,38.93,37.56,1.37,3.65,120633.7,465175.7375
880,002049.SZ,20160803,37.46,37.59,36.84,37.56,37.52,0.04,0.11,62770.69,233458.3382
881,002049.SZ,20160802,37.01,37.97,37.01,37.52,37.0,0.52,1.41,70383.92,264506.4618
882,002049.SZ,20160801,38.31,38.5,36.19,37.0,39.15,-2.15,-5.49,116256.4,432932.0991
883,002049.SZ,20160729,41.1,41.1,39.1,39.15,41.17,-2.02,-4.91,140898.79,566471.1807
884,002049.SZ,20160728,43.45,43.46,40.2,41.17,42.84,-1.67,-3.9,254191.41,1063183.4241
885,002049.SZ,20160727,42.55,44.75,42.2,42.84,41.66,1.18,2.83,387803.52,1684303.8552
886,002049.SZ,20160726,41.36,41.77,41.21,41.66,41.2,0.46,1.12,51407.78,213558.9368
887,002049.SZ,20160725,41.54,42.03,41.0,41.2,41.97,-0.77,-1.83,83889.82,347810.421
888,002049.SZ,20160722,43.0,43.2,41.93,41.97,43.3,-1.33,-3.07,113074.64,481232.7402
889,002049.SZ,20160721,41.81,43.85,41.73,43.3,41.98,1.32,3.14,182006.33,780539.1587
890,002049.SZ,20160720,42.28,42.47,41.58,41.98,42.26,-0.28,-0.66,80901.58,340491.6713
891,002049.SZ,20160719,41.89,42.28,41.31,42.26,41.52,0.74,1.78,84844.69,355151.164
892,002049.SZ,20160718,41.57,41.82,41.0,41.52,41.57,-0.05,-0.12,58967.61,244209.1928
893,002049.SZ,20160715,42.42,42.8,41.5,41.57,42.6,-1.03,-2.42,85877.0,359754.5812
894,002049.SZ,20160714,42.99,43.28,42.44,42.6,43.3,-0.7,-1.62,80710.39,344876.8906
895,002049.SZ,20160713,42.1,43.46,42.09,43.3,42.06,1.24,2.95,136296.32,583658.2111
896,002049.SZ,20160712,42.03,42.45,40.5,42.06,42.27,-0.21,-0.5,147778.11,614748.7874
897,002049.SZ,20160711,42.81,43.29,42.26,42.27,43.09,-0.82,-1.9,118232.84,505725.0072
898,002049.SZ,20160708,43.15,43.87,42.91,43.09,43.0,0.09,0.21,101250.13,439397.7103
899,002049.SZ,20160707,43.52,43.84,42.57,43.0,43.76,-0.76,-1.74,146284.15,630466.5351
900,002049.SZ,20160706,44.48,45.0,43.51,43.76,44.64,-0.88,-1.97,132565.76,583435.9222
901,002049.SZ,20160705,44.43,45.07,44.01,44.64,44.4,0.24,0.54,130224.76,580050.7873
902,002049.SZ,20160704,43.43,44.7,43.0,44.4,43.8,0.6,1.37,146521.82,645972.3188
903,002049.SZ,20160701,44.0,44.96,43.53,43.8,43.95,-0.15,-0.34,122475.12,540913.116
904,002049.SZ,20160630,44.67,44.99,43.66,43.95,44.66,-0.71,-1.59,156110.24,688391.2795
905,002049.SZ,20160629,46.3,46.8,44.62,44.66,44.9,-0.24,-0.53,220066.65,1002703.4087
906,002049.SZ,20160628,44.1,45.79,44.01,44.9,44.63,0.27,0.61,243997.91,1097887.7252
907,002049.SZ,20160627,42.2,45.0,42.1,44.63,42.33,2.3,5.43,251580.75,1106238.4089
908,002049.SZ,20160624,42.48,43.6,39.02,42.33,42.5,-0.17,-0.4,232188.55,983527.868
909,002049.SZ,20160623,43.06,43.66,42.31,42.5,43.73,-1.23,-2.81,173064.07,742068.884
910,002049.SZ,20160622,43.0,43.79,42.06,43.79,43.67,0.12,0.27,202963.23,869277.6798
911,002049.SZ,20160621,45.6,46.8,43.01,43.67,44.4,-0.73,-1.64,333231.4,1500271.2983
912,002049.SZ,20160620,42.38,45.18,41.02,44.4,41.56,2.84,6.83,347036.13,1497618.677
913,002049.SZ,20160617,41.93,42.84,40.9,41.56,41.99,-0.43,-1.02,185462.39,777342.9804
914,002049.SZ,20160616,42.19,43.31,41.6,41.99,42.2,-0.21,-0.5,268362.2,1135706.1872
915,002049.SZ,20160615,37.8,42.2,37.77,42.2,38.36,3.84,10.01,254364.72,1041104.7011
916,002049.SZ,20160614,38.25,38.93,37.44,38.36,38.62,-0.26,-0.67,148286.96,564853.5445
917,002049.SZ,20160613,41.3,42.68,38.3,38.62,41.9,-3.28,-7.83,183963.17,756634.2666
918,002049.SZ,20160608,42.72,42.72,41.5,41.9,42.82,-0.92,-2.15,151938.01,637763.9853
919,002049.SZ,20160607,43.45,43.45,42.35,42.82,43.45,-0.63,-1.45,155360.56,665192.508
920,002049.SZ,20160606,41.75,43.5,41.74,43.45,41.77,1.68,4.02,225304.85,962520.4829
921,002049.SZ,20160603,42.15,43.84,41.71,41.77,42.15,-0.38,-0.9,255391.38,1092709.3827
922,002049.SZ,20160602,42.07,43.1,41.6,42.15,42.53,-0.38,-0.89,233197.8,982857.656
923,002049.SZ,20160601,40.88,43.33,40.58,42.53,41.04,1.49,3.63,337666.08,1416666.7959
924,002049.SZ,20160531,40.0,42.0,39.2,41.04,39.01,2.03,5.2,361726.87,1462339.9245
925,002049.SZ,20160530,35.4,39.01,35.3,39.01,35.46,3.55,10.01,220576.64,832150.3785
926,002049.SZ,20160527,34.18,36.32,34.03,35.46,34.18,1.28,3.74,166114.66,583246.1461
927,002049.SZ,20160526,34.24,34.38,33.01,34.18,34.1,0.08,0.23,83688.33,281348.8639
928,002049.SZ,20160525,34.35,34.95,34.03,34.1,34.0,0.1,0.29,82871.84,285520.095
929,002049.SZ,20160524,34.68,34.8,33.9,34.0,34.89,-0.89,-2.55,79661.07,272179.5419
930,002049.SZ,20160523,34.99,35.47,34.6,34.89,34.9,-0.01,-0.03,120381.24,421170.8201
931,002049.SZ,20160520,33.0,35.0,32.7,34.9,33.4,1.5,4.49,145963.23,500436.5838
932,002049.SZ,20160519,32.73,34.55,32.73,33.4,32.75,0.65,1.98,125543.42,424069.1732
933,002049.SZ,20160518,33.9,33.9,32.01,32.75,34.28,-1.53,-4.46,100833.38,331254.2252
934,002049.SZ,20160517,34.08,34.8,33.59,34.28,33.99,0.29,0.85,112733.69,386023.3413
935,002049.SZ,20160516,33.52,34.06,33.22,33.99,34.07,-0.08,-0.23,88641.87,298897.3355
936,002049.SZ,20160513,32.93,34.23,32.65,34.07,33.04,1.03,3.12,103284.26,344761.0145
937,002049.SZ,20160512,32.99,33.18,32.0,33.04,33.45,-0.41,-1.23,86061.9,280598.5821
938,002049.SZ,20160511,34.0,34.33,33.38,33.45,33.76,-0.31,-0.92,78838.9,266585.4379
939,002049.SZ,20160510,34.2,34.78,33.5,33.76,34.43,-0.67,-1.95,82481.51,281346.9624
940,002049.SZ,20160509,37.39,37.39,34.1,34.43,37.79,-3.36,-8.89,131374.17,464660.6353
941,002049.SZ,20160506,39.68,39.99,37.77,37.79,39.58,-1.79,-4.52,132370.6,515275.3962
942,002049.SZ,20160505,39.36,39.77,39.16,39.58,39.33,0.25,0.64,72660.62,286536.671
943,002049.SZ,20160504,39.6,40.19,39.22,39.33,39.8,-0.47,-1.18,94681.15,375623.2422
944,002049.SZ,20160503,38.81,39.82,37.9,39.8,38.5,1.3,3.38,122533.29,481647.107
945,002049.SZ,20160429,38.57,39.03,38.3,38.5,38.66,-0.16,-0.41,62394.55,240943.2692
946,002049.SZ,20160428,39.14,39.43,38.0,38.66,39.14,-0.48,-1.23,80043.42,310173.555
947,002049.SZ,20160427,39.18,39.95,38.65,39.14,39.17,-0.03,-0.08,103509.57,406686.5588
948,002049.SZ,20160426,38.11,39.77,38.11,39.17,38.16,1.01,2.65,100377.71,390976.6457
949,002049.SZ,20160425,38.63,38.63,37.8,38.16,38.77,-0.61,-1.57,63765.64,243108.7266
950,002049.SZ,20160422,38.3,38.93,37.81,38.77,38.47,0.3,0.78,94594.43,362412.0909
951,002049.SZ,20160421,39.98,39.98,38.43,38.47,40.15,-1.68,-4.18,122004.09,480045.9191
952,002049.SZ,20160420,42.7,42.99,38.56,40.15,42.71,-2.56,-5.99,215753.8,888667.898
953,002049.SZ,20160419,40.6,43.48,40.33,42.71,40.49,2.22,5.48,238516.58,1010379.3314
954,002049.SZ,20160418,41.25,41.25,40.31,40.49,41.31,-0.82,-1.99,81569.5,331006.43
955,002049.SZ,20160415,41.67,41.68,41.04,41.31,41.61,-0.3,-0.72,92890.79,383644.4557
956,002049.SZ,20160414,41.64,41.8,41.01,41.61,40.99,0.62,1.51,116849.97,484039.4216
957,002049.SZ,20160413,40.8,41.75,40.66,40.99,40.58,0.41,1.01,171439.13,707449.0055
958,002049.SZ,20160412,41.73,41.73,40.14,40.58,41.75,-1.17,-2.8,147142.55,597288.9417
959,002049.SZ,20160411,41.58,42.38,41.56,41.75,40.91,0.84,2.05,124459.16,522088.7264
960,002049.SZ,20160408,41.42,41.6,40.13,40.91,42.01,-1.1,-2.62,138495.82,566718.9447
961,002049.SZ,20160407,43.51,43.67,42.0,42.01,43.4,-1.39,-3.2,152373.86,647986.4414
962,002049.SZ,20160406,43.01,44.25,42.85,43.4,43.29,0.11,0.25,160565.94,698271.6429
963,002049.SZ,20160405,42.5,43.89,42.26,43.29,42.0,1.29,3.07,154204.35,666203.8218
964,002049.SZ,20160401,43.0,43.52,41.6,42.0,43.64,-1.64,-3.76,130884.08,554573.0243
965,002049.SZ,20160331,42.32,44.75,41.85,43.64,42.32,1.32,3.12,224474.94,975070.343
966,002049.SZ,20160330,41.33,42.46,40.89,42.32,40.76,1.56,3.83,160392.16,667533.6507
967,002049.SZ,20160329,42.89,42.93,40.11,40.76,43.19,-2.43,-5.63,190660.39,788492.6188
968,002049.SZ,20160328,44.15,44.37,42.52,43.19,43.57,-0.38,-0.87,175769.31,764488.9704
969,002049.SZ,20160325,42.71,44.6,42.7,43.57,42.7,0.87,2.04,234626.41,1025164.7019
970,002049.SZ,20160324,43.9,44.28,42.7,42.7,44.58,-1.88,-4.22,205320.02,893515.0576
971,002049.SZ,20160323,44.8,45.2,43.35,44.58,44.95,-0.37,-0.82,200829.41,890814.1455
972,002049.SZ,20160322,46.0,46.0,44.8,44.95,46.52,-1.57,-3.37,242582.92,1099884.3159
973,002049.SZ,20160321,43.8,46.52,43.37,46.52,43.33,3.19,7.36,323650.77,1451057.0796
974,002049.SZ,20160318,42.99,44.76,42.42,43.33,43.51,-0.18,-0.41,355566.25,1546284.5869
975,002049.SZ,20160317,42.5,44.15,41.41,43.51,42.05,1.46,3.47,234455.66,998269.7808
976,002049.SZ,20160316,42.89,44.2,41.65,42.05,43.94,-1.89,-4.3,165521.91,707453.0934
977,002049.SZ,20160315,43.86,45.5,43.86,43.94,48.73,-4.79,-9.83,339961.11,1501713.653
978,002049.SZ,20160314,48.73,48.73,48.73,48.73,54.14,-5.41,-9.99,11280.0,54967.44
979,002049.SZ,20160311,54.14,54.14,54.14,54.14,60.15,-6.01,-9.99,1521.0,8234.694
980,002049.SZ,20151210,62.11,64.48,59.59,60.15,62.12,-1.97,-3.17,117884.43,724987.0703
981,002049.SZ,20151209,63.0,65.09,61.7,62.12,63.74,-1.62,-2.54,120843.86,760181.8805
982,002049.SZ,20151208,61.5,66.98,61.03,63.74,62.34,1.4,2.25,237858.2,1521506.0213
983,002049.SZ,20151207,58.57,62.54,58.57,62.34,58.2,4.14,7.11,206336.85,1252381.2281
984,002049.SZ,20151204,59.0,60.97,57.0,58.2,59.33,-1.13,-1.9,153941.7,909776.4407
985,002049.SZ,20151203,58.39,60.49,57.99,59.33,58.54,0.79,1.35,130694.58,774658.684
986,002049.SZ,20151202,59.47,60.5,55.52,58.54,59.35,-0.81,-1.36,145089.76,838102.3823
987,002049.SZ,20151201,60.0,62.8,57.88,59.35,60.97,-1.62,-2.66,145210.35,878160.7378
988,002049.SZ,20151130,63.98,65.16,57.8,60.97,63.01,-2.04,-3.24,208579.79,1286861.4653
989,002049.SZ,20151127,66.8,69.65,62.3,63.01,68.7,-5.69,-8.28,200737.41,1327619.7024
990,002049.SZ,20151126,64.56,70.2,62.11,68.7,64.66,4.04,6.25,281986.13,1843978.4005
991,002049.SZ,20151125,64.0,68.0,63.7,64.66,64.3,0.36,0.56,184815.98,1215674.7199
992,002049.SZ,20151124,62.8,64.46,62.61,64.3,62.55,1.75,2.8,160303.18,1018246.6427
993,002049.SZ,20151123,64.0,66.5,62.19,62.55,69.1,-6.55,-9.48,330378.75,2109383.541
994,002049.SZ,20151120,70.01,73.29,69.1,69.1,69.47,-0.37,-0.53,334353.88,2371623.7282
995,002049.SZ,20151119,64.5,69.47,63.0,69.47,63.15,6.32,10.01,347679.26,2321336.7481
996,002049.SZ,20151118,65.0,65.5,61.58,63.15,66.88,-3.73,-5.58,264173.5,1677931.9928
997,002049.SZ,20151117,63.98,68.8,62.68,66.88,63.72,3.16,4.96,454837.71,2947580.9497
998,002049.SZ,20151116,63.72,63.72,61.55,63.72,57.93,5.79,9.99,513215.28,3257506.3399
999,002049.SZ,20151113,57.93,57.93,57.93,57.93,52.66,5.27,10.01,9208.97,53347.5632
1000,002049.SZ,20151112,52.66,52.66,52.66,52.66,47.87,4.79,10.01,4671.37,24599.4344
1001,002049.SZ,20151111,47.87,47.87,47.87,47.87,43.52,4.35,10.0,3420.49,16373.8856
1002,002049.SZ,20151110,43.52,43.52,43.52,43.52,39.56,3.96,10.01,3684.99,16037.0765
1003,002049.SZ,20151109,39.56,39.56,39.56,39.56,35.96,3.6,10.01,31141.47,123195.6553
1004,002049.SZ,20151106,35.96,35.96,35.96,35.96,32.69,3.27,10.0,873.08,3139.5957
1005,002049.SZ,20151009,31.9,33.15,31.8,32.69,32.16,0.53,1.65,47135.67,153740.0595
1006,002049.SZ,20151008,32.32,32.82,31.72,32.16,30.7,1.46,4.76,58330.4,188489.602
1007,002049.SZ,20150930,30.88,31.6,30.18,30.7,30.78,-0.08,-0.26,41000.84,127287.466
1008,002049.SZ,20150929,29.51,31.58,29.47,30.78,30.27,0.51,1.68,60409.66,185633.9247
1009,002049.SZ,20150928,29.2,30.49,29.2,30.27,29.39,0.88,2.99,29169.36,87269.8553
1010,002049.SZ,20150925,30.6,30.86,29.0,29.39,30.55,-1.16,-3.8,51585.74,154090.9653
1011,002049.SZ,20150924,30.0,30.77,30.0,30.55,29.91,0.64,2.14,49487.91,150942.7634
1012,002049.SZ,20150923,29.81,30.77,29.61,29.91,30.49,-0.58,-1.9,47178.41,142479.3967
1013,002049.SZ,20150922,30.76,31.14,29.9,30.49,30.81,-0.32,-1.04,68942.09,210944.4193
1014,002049.SZ,20150921,28.5,30.99,28.14,30.81,28.91,1.9,6.57,77581.53,231799.1434
1015,002049.SZ,20150918,28.3,29.09,27.83,28.91,28.01,0.9,3.21,71657.09,204950.122
1016,002049.SZ,20150917,28.3,29.71,27.5,28.01,28.29,-0.28,-0.99,108942.78,313688.5507
1017,002049.SZ,20150916,25.72,28.29,25.72,28.29,25.72,2.57,9.99,89551.02,241822.343
1018,002049.SZ,20150915,28.0,28.3,25.72,25.72,28.58,-2.86,-10.01,101265.27,269430.7654
1019,002049.SZ,20150914,32.4,32.4,28.58,28.58,31.75,-3.17,-9.98,89238.65,265566.9816
1020,002049.SZ,20150911,31.25,32.33,31.18,31.75,31.18,0.57,1.83,79837.96,253776.05
1021,002049.SZ,20150910,31.3,32.26,30.7,31.18,32.3,-1.12,-3.47,100430.53,317636.429
1022,002049.SZ,20150909,30.55,32.68,29.84,32.3,30.5,1.8,5.9,235614.2,731729.081
1023,002049.SZ,20150908,28.94,30.88,27.98,30.5,29.05,1.45,4.99,86388.16,252918.7549
1024,002049.SZ,20150907,32.12,34.19,28.83,29.05,32.03,-2.98,-9.3,193163.03,583415.7524
